"","lab","max.dist","min.dist","mean.dist","size","mean.cl.sil","mean.sil","method","strategy"
"1",35,18.671903409234,10.8019840147011,14.9117793135872,20,-0.000708550907809386,0.00441300874323913,"average","Hierarchical partition"
"2",36,18.8689138797032,10.0310015541855,14.8524363360749,20,-0.00365963234739977,0.00441300874323913,"average","Hierarchical partition"
"3",26,17.6685066172002,10.3602777652551,14.3239305581176,20,0.0288738884898952,0.00441300874323913,"average","Hierarchical partition"
"4",33,18.2860289701019,9.69083331975157,14.9695809925012,20,-0.0112605349580791,0.00441300874323913,"average","Hierarchical partition"
"5",19,18.9113619623117,9.44398194279041,14.2371506554568,20,0.0204445719237796,0.00441300874323913,"average","Hierarchical partition"
"6",42,18.4075978481524,9.6801272938804,14.9912790459554,20,-0.007833742028694,0.00441300874323913,"average","Hierarchical partition"
"7",23,17.7497558414122,10.3114268981136,14.5899771460709,20,0.0307853778842806,0.00441300874323913,"average","Hierarchical partition"
"8",44,19.5438598348921,11.7809246800044,15.5068500553843,20,-0.0319102888359572,0.00441300874323913,"average","Hierarchical partition"
"9",13,17.7387705573197,9.71124983404154,14.3609659466505,20,0.025754214549072,0.00441300874323913,"average","Hierarchical partition"
"10",50,19.1245752857381,13.2425761785635,16.3736990784809,20,-0.0969822532987722,0.00441300874323913,"average","Hierarchical partition"
"11",43,19.4946706562956,11.4013659168131,15.279173525888,20,-0.0299219596748826,0.00441300874323913,"average","Hierarchical partition"
"12",2,17.5270472716433,9.4223006198744,13.5482399792525,20,0.0577706427345806,0.00441300874323913,"average","Hierarchical partition"
"13",1,16.5118787004726,9.69430023364611,13.2129229120002,20,0.0618161551166473,0.00441300874323913,"average","Hierarchical partition"
"14",14,18.0440716991042,9.91118490856877,14.4112716621344,20,0.024436343159711,0.00441300874323913,"average","Hierarchical partition"
"15",32,17.6713121088179,10.9557976970526,14.596251370977,20,0.0208097101999322,0.00441300874323913,"average","Hierarchical partition"
"16",21,17.2598662197729,11.2965433044198,14.4111227471607,20,0.0180246934567603,0.00441300874323913,"average","Hierarchical partition"
"17",18,18.0094065490446,7.13473240979121,14.3789431568106,20,0.0131034679545671,0.00441300874323913,"average","Hierarchical partition"
"18",25,17.4248778335241,10.0102672398652,13.9839583016671,19,0.063067575306005,0.00441300874323913,"average","Hierarchical partition"
"19",41,18.5536569666111,11.228239953739,15.2643143295375,20,-0.0181053601903158,0.00441300874323913,"average","Hierarchical partition"
"20",40,18.7269980450065,11.6206596333822,15.3668484576665,20,-0.0147724931449063,0.00441300874323913,"average","Hierarchical partition"
"21",17,19.0440783728307,10.6260264585551,14.4925173321685,20,0.031478732761933,0.00441300874323913,"average","Hierarchical partition"
"22",34,18.8168443091963,10.3839009322726,15.010464067575,20,-0.0143360788531118,0.00441300874323913,"average","Hierarchical partition"
"23",12,18.514366250239,9.77525791355125,14.3317893294554,20,0.00631909860201213,0.00441300874323913,"average","Hierarchical partition"
"24",11,17.381491771851,10.6834162885632,14.1255451080528,20,0.0265019854031988,0.00441300874323913,"average","Hierarchical partition"
"25",10,17.7920035329847,10.2037048916573,14.2156806212728,20,-0.00745043743489264,0.00441300874323913,"average","Hierarchical partition"
"26",28,17.7672226951602,11.1140746779152,14.6853357010319,20,-0.0175358413974553,0.00441300874323913,"average","Hierarchical partition"
"27",38,18.1072096128261,10.3718558332621,14.9877505675303,20,-0.00493973112835965,0.00441300874323913,"average","Hierarchical partition"
"28",22,18.5619060642032,10.9858257868561,14.4861415688899,20,0.021316534630218,0.00441300874323913,"average","Hierarchical partition"
"29",5,17.2034824496378,9.21028325302952,13.862392344666,20,0.0445511266077064,0.00441300874323913,"average","Hierarchical partition"
"30",31,18.5408801062204,11.1366376819371,15.0958748711512,20,0.00720318800235713,0.00441300874323913,"average","Hierarchical partition"
"31",29,18.6289611203979,10.1237908605632,14.4454244911887,20,0.0304522419180017,0.00441300874323913,"average","Hierarchical partition"
"32",8,18.0364232311522,10.812427342914,14.06349837308,20,0.0488343517429642,0.00441300874323913,"average","Hierarchical partition"
"33",6,17.2692676929105,10.1093005633868,14.2910723957459,20,0.00443828136958484,0.00441300874323913,"average","Hierarchical partition"
"34",45,18.150926443092,11.6395728063313,15.1629541032469,20,-0.0152130923320432,0.00441300874323913,"average","Hierarchical partition"
"35",7,17.8353233375482,9.58903136554593,14.1668542040162,20,0.0176486623452081,0.00441300874323913,"average","Hierarchical partition"
"36",3,17.3227939711709,10.4766558879991,13.9542126061239,20,0.0274077608905091,0.00441300874323913,"average","Hierarchical partition"
"37",24,17.7095216519288,10.870561342191,14.4704581589612,20,0.0262006995569437,0.00441300874323913,"average","Hierarchical partition"
"38",47,19.6317800015333,10.7276733782974,15.6364520972141,20,-0.0389341634151394,0.00441300874323913,"average","Hierarchical partition"
"39",37,19.2535520871426,11.4001103548412,15.1780379401024,20,-0.0240030067564007,0.00441300874323913,"average","Hierarchical partition"
"40",20,18.2779926851036,10.9161117593438,14.6071272660356,20,0.0160463782013705,0.00441300874323913,"average","Hierarchical partition"
"41",27,17.6441675653656,10.8371559864288,14.8563066732915,20,0.0102015509991117,0.00441300874323913,"average","Hierarchical partition"
"42",46,19.0925261748885,11.1350059246626,15.7534506751311,20,-0.0593724920796886,0.00441300874323913,"average","Hierarchical partition"
"43",16,18.2391964587518,10.383556791664,14.6037182797798,20,0.0123846161762766,0.00441300874323913,"average","Hierarchical partition"
"44",30,18.4696115675805,10.3715076307648,15.0319730985853,20,-0.0321525081223826,0.00441300874323913,"average","Hierarchical partition"
"45",49,19.5874340111347,11.2104120572085,16.070566029662,20,-0.0564611670209133,0.00441300874323913,"average","Hierarchical partition"
"46",15,18.714115127501,10.913253695185,14.5918977096168,20,0.0274087927578748,0.00441300874323913,"average","Hierarchical partition"
"47",39,18.1577464417117,11.2436566574337,15.3165279499922,20,-0.0119192630400825,0.00441300874323913,"average","Hierarchical partition"
"48",4,17.9387872753729,10.085722061391,14.0603582117585,20,0.0366487557479913,0.00441300874323913,"average","Hierarchical partition"
"49",9,16.7226816134577,10.0552339247873,14.0814486271543,20,0.0237547720453904,0.00441300874323913,"average","Hierarchical partition"
"50",48,19.8697001804005,11.8403409926618,15.775889377137,20,-0.0626284080765026,0.00441300874323913,"average","Hierarchical partition"
"51",32,17.8777263565341,11.0906288341934,15.2778044625793,20,-0.0139980495043155,-0.00516290915857425,"complete","Hierarchical partition"
"52",36,17.7730955565001,10.3839009322726,15.0169013736349,20,0.000745003870931119,-0.00516290915857425,"complete","Hierarchical partition"
"53",48,18.4998225668285,11.9989908571824,15.4995007556449,20,-0.0456935344145962,-0.00516290915857425,"complete","Hierarchical partition"
"54",5,17.0887771497594,9.22702325672519,14.819000084662,20,-0.0135240103879628,-0.00516290915857425,"complete","Hierarchical partition"
"55",28,17.6522747244688,9.44398194279041,14.771144648601,20,-0.00993579246272053,-0.00516290915857425,"complete","Hierarchical partition"
"56",43,18.0022512770445,11.8893827293724,15.3841870714097,20,-0.0284968247468162,-0.00516290915857425,"complete","Hierarchical partition"
"57",22,17.292617598133,9.67938467299751,14.5902518527067,20,0.0334457755035844,-0.00516290915857425,"complete","Hierarchical partition"
"58",4,17.0861728692096,10.8995027917358,14.6972221726976,20,0.0162094729133396,-0.00516290915857425,"complete","Hierarchical partition"
"59",46,18.8487633192585,11.5583575350152,15.9354146319847,20,-0.0488429208670329,-0.00516290915857425,"complete","Hierarchical partition"
"60",19,17.3577154101194,10.0310015541855,14.8445356511008,20,0.00317786545809013,-0.00516290915857425,"complete","Hierarchical partition"
"61",23,17.4538730375674,9.83303255054569,14.4046167230422,20,0.0110985306709764,-0.00516290915857425,"complete","Hierarchical partition"
"62",10,17.3491188748006,10.383556791664,14.5543873898951,20,0.0169782186263235,-0.00516290915857425,"complete","Hierarchical partition"
"63",35,18.1085416848516,10.3602777652551,15.05513491635,20,-0.0101440096579165,-0.00516290915857425,"complete","Hierarchical partition"
"64",18,17.5942932243147,11.2965433044198,14.8651653663739,20,0.0098042226902833,-0.00516290915857425,"complete","Hierarchical partition"
"65",13,16.8935947069537,10.1237908605632,14.6265283289913,20,0.0262585021953584,-0.00516290915857425,"complete","Hierarchical partition"
"66",31,17.6798430542659,10.3806565411127,15.1572050432265,20,-0.0185241270817849,-0.00516290915857425,"complete","Hierarchical partition"
"67",42,18.4842688404105,11.2392960213928,15.7332988619324,20,-0.0552879727511165,-0.00516290915857425,"complete","Hierarchical partition"
"68",41,18.0439185771443,11.4167752305208,15.3386331422103,20,-0.013480768598625,-0.00516290915857425,"complete","Hierarchical partition"
"69",37,18.1124945955753,10.7586726810725,15.420811829123,20,-0.0110052123343395,-0.00516290915857425,"complete","Hierarchical partition"
"70",30,17.5159003774251,10.8371559864288,14.9143148494475,20,0.00917350867637543,-0.00516290915857425,"complete","Hierarchical partition"
"71",1,16.9464360984976,7.95453629990151,14.1833478462891,20,0.0318582592577556,-0.00516290915857425,"complete","Hierarchical partition"
"72",3,17.0499700634097,10.1331504065389,14.5723444210032,20,-0.00474760275096651,-0.00516290915857425,"complete","Hierarchical partition"
"73",15,17.4968490619516,10.6834162885632,14.4756184641211,20,0.0129334604270746,-0.00516290915857425,"complete","Hierarchical partition"
"74",17,17.4621049739539,7.13473240979121,14.8201266548328,20,-0.013533188272132,-0.00516290915857425,"complete","Hierarchical partition"
"75",47,18.7370745204532,10.9704234911858,15.7982501630917,20,-0.0416615804160137,-0.00516290915857425,"complete","Hierarchical partition"
"76",29,17.9573676300274,10.8917702491803,15.1674414085149,20,-0.0146165447120042,-0.00516290915857425,"complete","Hierarchical partition"
"77",21,17.5981909493858,10.2137518183197,14.2506283250874,20,0.0187905204014242,-0.00516290915857425,"complete","Hierarchical partition"
"78",49,18.8016023461182,11.6395728063313,15.6006634329966,20,-0.019457410150391,-0.00516290915857425,"complete","Hierarchical partition"
"79",7,16.8470304827056,9.69430023364611,14.1273761444985,20,0.00913442593742408,-0.00516290915857425,"complete","Hierarchical partition"
"80",20,17.4296074721769,10.3715076307648,14.974931635712,20,-0.0147575658094211,-0.00516290915857425,"complete","Hierarchical partition"
"81",27,17.887766184908,9.77525791355125,15.108621966134,20,-0.0108579557919298,-0.00516290915857425,"complete","Hierarchical partition"
"82",16,17.5624558455954,10.5510803101098,15.0238908296389,20,-0.0132796998760724,-0.00516290915857425,"complete","Hierarchical partition"
"83",50,19.6370740285013,10.7274639864068,16.2254361489319,20,-0.0606515932219494,-0.00516290915857425,"complete","Hierarchical partition"
"84",24,17.6698915463663,10.5030331216102,15.0537895591696,20,-0.00884686931993141,-0.00516290915857425,"complete","Hierarchical partition"
"85",25,17.1464250557713,9.71124983404154,14.5465229920245,19,0.0126123770723294,-0.00516290915857425,"complete","Hierarchical partition"
"86",45,18.632727919733,10.3835254167017,15.4591239639366,20,-0.0393095898971944,-0.00516290915857425,"complete","Hierarchical partition"
"87",34,17.7491544886151,10.1537555941222,14.7110872132928,20,0.00153174940400549,-0.00516290915857425,"complete","Hierarchical partition"
"88",8,17.1260523104337,10.2832319863036,14.5786249206099,20,0.0246811899882263,-0.00516290915857425,"complete","Hierarchical partition"
"89",2,16.7080748278496,10.0572989738555,13.9097223311737,20,0.0234913370737548,-0.00516290915857425,"complete","Hierarchical partition"
"90",39,18.2825756108332,10.3718558332621,15.5022122228879,20,-0.0367925533341786,-0.00516290915857425,"complete","Hierarchical partition"
"91",33,17.8866576979842,9.6801272938804,15.3742903978929,20,-0.0168852808082953,-0.00516290915857425,"complete","Hierarchical partition"
"92",26,17.7883858651693,11.2436566574337,15.0102829374905,20,0.00757905726384536,-0.00516290915857425,"complete","Hierarchical partition"
"93",12,17.3711402613786,9.21028325302952,14.6812381344678,20,-0.001659768531592,-0.00516290915857425,"complete","Hierarchical partition"
"94",38,18.0323032405602,10.9276973876903,15.3102326477646,20,-0.0354144756017682,-0.00516290915857425,"complete","Hierarchical partition"
"95",11,17.3761031812426,10.4766558879991,14.2114662960662,20,0.018988157964341,-0.00516290915857425,"complete","Hierarchical partition"
"96",14,17.5709672077712,9.91118490856877,14.7087419155379,20,0.00918817653261513,-0.00516290915857425,"complete","Hierarchical partition"
"97",6,17.2765023951806,10.8170268125236,14.1384420667267,20,0.051797818082261,-0.00516290915857425,"complete","Hierarchical partition"
"98",44,18.380137648415,10.9641421292242,15.3380404120068,20,-0.0117014059240183,-0.00516290915857425,"complete","Hierarchical partition"
"99",9,17.3170457167337,10.539657244917,14.6051268017854,20,0.00731094213202765,-0.00516290915857425,"complete","Hierarchical partition"
"100",40,18.2114176893344,10.3982258182235,14.8445141787368,20,-0.000938958534429061,-0.00516290915857425,"complete","Hierarchical partition"
"101",47,18.35581394089,10.6293431343286,14.7862185459074,20,0.0155001801675332,0.00932274563526036,"ward.D","Hierarchical partition"
"102",9,17.9465863388074,10.3982258182235,14.3252273072297,20,0.0169667936128343,0.00932274563526036,"ward.D","Hierarchical partition"
"103",2,17.9933847181708,10.2353960178304,14.5921866632883,20,0.0177152525540541,0.00932274563526036,"ward.D","Hierarchical partition"
"104",36,18.1374087709354,9.69083331975157,14.4727516780534,20,0.0299077330187757,0.00932274563526036,"ward.D","Hierarchical partition"
"105",12,17.5346278263924,9.44398194279041,13.9424548977043,20,0.0353848668204377,0.00932274563526036,"ward.D","Hierarchical partition"
"106",27,18.2653469254642,10.9858257868561,14.5314901746151,20,0.0218390248059425,0.00932274563526036,"ward.D","Hierarchical partition"
"107",43,18.1336898371319,7.91230999411783,15.3147679730626,20,-0.0267379350159618,0.00932274563526036,"ward.D","Hierarchical partition"
"108",11,18.7658883297802,10.3114268981136,14.7941023758915,20,0.0139911907401469,0.00932274563526036,"ward.D","Hierarchical partition"
"109",46,19.6062772750047,10.8019840147011,15.4573430310441,20,-0.0298443575037079,0.00932274563526036,"ward.D","Hierarchical partition"
"110",38,18.3891551745563,9.67938467299751,15.1899859464791,20,-0.0160668333043522,0.00932274563526036,"ward.D","Hierarchical partition"
"111",33,18.4343387723714,10.3806565411127,15.3045001160479,20,-0.020444051769345,0.00932274563526036,"ward.D","Hierarchical partition"
"112",41,19.2043317309955,11.7481858712536,15.1908468047766,20,-0.00625677954274571,0.00932274563526036,"ward.D","Hierarchical partition"
"113",49,18.5559307689376,10.3580143520543,14.5490548416664,20,-0.0048686361155988,0.00932274563526036,"ward.D","Hierarchical partition"
"114",5,18.1611180821167,10.6485981560402,14.7260991198536,20,-0.00186133399215084,0.00932274563526036,"ward.D","Hierarchical partition"
"115",22,18.5743239827754,11.44532759174,15.0104695759555,20,-0.0122814647159931,0.00932274563526036,"ward.D","Hierarchical partition"
"116",7,17.5020832242884,10.6258804635019,14.2165316158386,20,0.00310392980039571,0.00932274563526036,"ward.D","Hierarchical partition"
"117",8,17.7754845083556,10.3425717562069,14.2574446482951,20,0.0440186239840149,0.00932274563526036,"ward.D","Hierarchical partition"
"118",16,18.1435809613671,10.6537273025126,14.2735103787598,20,0.0197997583187263,0.00932274563526036,"ward.D","Hierarchical partition"
"119",37,18.4642548979359,11.228239953739,14.8303956139858,20,-0.00733437931400602,0.00932274563526036,"ward.D","Hierarchical partition"
"120",24,18.102496951111,11.2139782947662,14.7515427307975,20,0.013055706237862,0.00932274563526036,"ward.D","Hierarchical partition"
"121",20,19.3572532875511,11.1366376819371,15.1664453008935,20,0.0101465389742673,0.00932274563526036,"ward.D","Hierarchical partition"
"122",25,17.6717052165937,7.95453629990151,13.785797612383,19,0.063644075950402,0.00932274563526036,"ward.D","Hierarchical partition"
"123",44,18.7506153334831,10.2699695014352,15.4578453076336,20,-0.0269445134907764,0.00932274563526036,"ward.D","Hierarchical partition"
"124",34,19.5699824967309,10.6834162885632,14.6553775732476,20,0.000175683895850286,0.00932274563526036,"ward.D","Hierarchical partition"
"125",35,17.4623290335923,11.1607218541993,14.816089311916,20,-0.00280515326257914,0.00932274563526036,"ward.D","Hierarchical partition"
"126",29,17.3403274395428,7.13473240979121,14.2387606840931,20,0.0116060081812336,0.00932274563526036,"ward.D","Hierarchical partition"
"127",13,18.1525254000098,10.9704234911858,14.8332247664517,20,0.0154618435751907,0.00932274563526036,"ward.D","Hierarchical partition"
"128",6,17.5409677757179,9.77525791355125,13.9442870506121,20,0.03578746132705,0.00932274563526036,"ward.D","Hierarchical partition"
"129",18,17.4469746128398,10.0552339247873,14.1244136602463,20,0.0164919318422204,0.00932274563526036,"ward.D","Hierarchical partition"
"130",14,18.405464625657,11.0102561835882,14.7853671718654,20,-0.00427737096171294,0.00932274563526036,"ward.D","Hierarchical partition"
"131",32,17.9983084763561,10.0572989738555,14.1341476844454,20,0.0127494597767865,0.00932274563526036,"ward.D","Hierarchical partition"
"132",4,16.9155150195463,9.4223006198744,13.3159629026249,20,0.0591594592494914,0.00932274563526036,"ward.D","Hierarchical partition"
"133",1,17.9716771600263,9.21028325302952,13.7834428491494,20,0.0382629765319884,0.00932274563526036,"ward.D","Hierarchical partition"
"134",17,17.7691703610379,9.71124983404154,14.2754563118758,20,0.0205871319078247,0.00932274563526036,"ward.D","Hierarchical partition"
"135",3,18.0364232311522,10.812427342914,13.9898891616463,20,0.0580040439972983,0.00932274563526036,"ward.D","Hierarchical partition"
"136",42,18.1041947633859,10.3602777652551,15.02538969762,20,-0.0156365772285327,0.00932274563526036,"ward.D","Hierarchical partition"
"137",23,18.0161055183437,9.91118490856877,14.8598386553792,20,0.002909470276551,0.00932274563526036,"ward.D","Hierarchical partition"
"138",48,17.6888879371628,9.33834470862753,14.060201516912,20,0.0144889977256713,0.00932274563526036,"ward.D","Hierarchical partition"
"139",21,17.92949928642,10.5917781322587,15.1913088683553,20,-0.00762260157995326,0.00932274563526036,"ward.D","Hierarchical partition"
"140",28,17.8353233375482,10.3835254167017,13.7400793635199,20,0.0395521163025886,0.00932274563526036,"ward.D","Hierarchical partition"
"141",31,18.955513727116,10.5510803101098,15.3042085167769,20,-0.0215479114547773,0.00932274563526036,"ward.D","Hierarchical partition"
"142",15,18.6344271506754,11.4167752305208,15.2132415819516,20,-0.00557913605087677,0.00932274563526036,"ward.D","Hierarchical partition"
"143",39,17.6507247501638,9.58903136554593,14.3922972471063,20,0.00295646024983722,0.00932274563526036,"ward.D","Hierarchical partition"
"144",50,19.6759036876381,10.0310015541855,15.4873608446465,20,-0.0376991465073227,0.00932274563526036,"ward.D","Hierarchical partition"
"145",10,18.205482862604,11.0906288341934,14.7362683744163,20,0.0118698797673397,0.00932274563526036,"ward.D","Hierarchical partition"
"146",26,18.9908632655486,10.191518484803,14.9052178457566,20,0.00348487130107916,0.00932274563526036,"ward.D","Hierarchical partition"
"147",19,18.6472629452854,10.870561342191,14.7518567636437,20,0.0194642619858967,0.00932274563526036,"ward.D","Hierarchical partition"
"148",40,18.2638776166698,10.9161117593438,14.7394815535726,20,0.02371361276228,0.00932274563526036,"ward.D","Hierarchical partition"
"149",30,18.623099210208,10.9641421292242,14.6523879004118,20,0.036205775544988,0.00932274563526036,"ward.D","Hierarchical partition"
"150",45,18.4138500285532,10.8995027917358,15.1529685791423,20,-0.0113435910973908,0.00932274563526036,"ward.D","Hierarchical partition"
"151",34,18.2907895274722,11.2676543685637,15.5328468781932,20,-0.0263464745625012,-0.0207629388989207,"single","Hierarchical partition"
"152",16,18.3276179403939,10.3982258182235,14.7802541834834,20,-0.0147361815293788,-0.0207629388989207,"single","Hierarchical partition"
"153",30,18.717674903369,11.7481858712536,15.3466252646191,20,-0.0170300861281274,-0.0207629388989207,"single","Hierarchical partition"
"154",9,17.9802551817049,9.69083331975157,14.3279680954752,20,0.0184305826998503,-0.0207629388989207,"single","Hierarchical partition"
"155",2,18.3937653713877,9.44398194279041,14.07079226085,20,0.0168516058989319,-0.0207629388989207,"single","Hierarchical partition"
"156",18,18.3291618347019,10.9161117593438,15.2060595181383,20,-0.0116333399017697,-0.0207629388989207,"single","Hierarchical partition"
"157",44,18.9092049319183,10.8973501817396,15.8990137349074,20,-0.0381934457802513,-0.0207629388989207,"single","Hierarchical partition"
"158",42,18.8190755631043,11.2965433044198,16.100246113553,20,-0.0573043085688535,-0.0207629388989207,"single","Hierarchical partition"
"159",43,19.4561593494219,11.4052582681042,15.9043143451263,20,-0.0450536867086333,-0.0207629388989207,"single","Hierarchical partition"
"160",15,18.0390481376171,10.3114268981136,14.6968106811049,20,-0.00606700814044453,-0.0207629388989207,"single","Hierarchical partition"
"161",32,18.9963987836217,10.870561342191,15.3409857446025,20,-0.0211197831572937,-0.0207629388989207,"single","Hierarchical partition"
"162",38,20.8127865034413,11.3048214189247,16.324514188733,20,-0.0630264264501009,-0.0207629388989207,"single","Hierarchical partition"
"163",21,18.1238484974959,10.0310015541855,15.2120528022428,20,-0.0302302829464558,-0.0207629388989207,"single","Hierarchical partition"
"164",10,17.9139541327295,10.8002142849729,14.3329414681364,20,0.00633786111009901,-0.0207629388989207,"single","Hierarchical partition"
"165",28,18.4822718080867,10.3718558332621,14.7431430901085,20,0.00640367933734736,-0.0207629388989207,"single","Hierarchical partition"
"166",11,17.3752532421848,9.33834470862753,14.3468875343001,20,0.0152968131330048,-0.0207629388989207,"single","Hierarchical partition"
"167",27,18.8471322444758,10.5510803101098,15.0735288746231,20,0.0049635144494491,-0.0207629388989207,"single","Hierarchical partition"
"168",50,20.3611749319888,13.1061037071522,17.105440598086,20,-0.09995954446107,-0.0207629388989207,"single","Hierarchical partition"
"169",17,18.2786372444547,10.539657244917,14.8156902653982,20,-0.00685497213973716,-0.0207629388989207,"single","Hierarchical partition"
"170",33,19.1659702756353,11.2392960213928,15.5470750744491,20,-0.0362330655270851,-0.0207629388989207,"single","Hierarchical partition"
"171",47,19.1808943764795,12.5075213584563,16.2411891395909,20,-0.0678799539907247,-0.0207629388989207,"single","Hierarchical partition"
"172",46,19.9859080706582,11.2895671224905,15.9354078088618,20,-0.0548155591492581,-0.0207629388989207,"single","Hierarchical partition"
"173",35,19.6390301999783,11.2501270865552,15.72474336949,20,-0.0273921562682922,-0.0207629388989207,"single","Hierarchical partition"
"174",5,18.3235471374987,7.95453629990151,14.0130639281795,20,0.0500790696922616,-0.0207629388989207,"single","Hierarchical partition"
"175",39,19.6175390972211,11.0620392801492,15.8356044065312,20,-0.066224641141686,-0.0207629388989207,"single","Hierarchical partition"
"176",7,18.4053652244922,10.0552339247873,14.3803993688786,20,0.0115751459855006,-0.0207629388989207,"single","Hierarchical partition"
"177",13,18.6608978212268,10.9276973876903,14.8332390369506,20,-0.00427610651751233,-0.0207629388989207,"single","Hierarchical partition"
"178",24,19.0964862817688,10.5030331216102,15.3710308639242,20,-0.0397015575665582,-0.0207629388989207,"single","Hierarchical partition"
"179",3,17.8569221048239,7.13473240979121,14.2208926322776,20,0.00352284081760931,-0.0207629388989207,"single","Hierarchical partition"
"180",12,18.6962650934798,10.3806565411127,14.4327917188264,20,0.0199614590516521,-0.0207629388989207,"single","Hierarchical partition"
"181",6,18.0485178399524,10.1331504065389,14.6505647565202,20,-0.0184696338033051,-0.0207629388989207,"single","Hierarchical partition"
"182",1,17.3986207613807,9.4223006198744,13.3403943526815,20,0.0599084680674033,-0.0207629388989207,"single","Hierarchical partition"
"183",4,17.885338150991,9.22702325672519,14.1892575557308,20,0.0106263131726597,-0.0207629388989207,"single","Hierarchical partition"
"184",20,18.1199847724909,10.8995027917358,14.8563750627656,20,0.0184615735886648,-0.0207629388989207,"single","Hierarchical partition"
"185",14,19.2544942526188,10.1237908605632,15.1159135429422,20,-0.0154114739125562,-0.0207629388989207,"single","Hierarchical partition"
"186",40,19.6431749719106,11.6395728063313,16.0730519855031,20,-0.0459363303665994,-0.0207629388989207,"single","Hierarchical partition"
"187",31,19.6573668578498,10.7639174777429,15.7602872040261,20,-0.0454643022684149,-0.0207629388989207,"single","Hierarchical partition"
"188",26,18.5633566671236,10.8799236192016,15.1071058541606,20,-0.0194856907291427,-0.0207629388989207,"single","Hierarchical partition"
"189",25,18.4007041444354,11.4131674613619,15.3245595520107,19,-0.0348881901621898,-0.0207629388989207,"single","Hierarchical partition"
"190",36,19.0773114948012,11.5181022115242,15.4699948492007,20,-0.0152933954519333,-0.0207629388989207,"single","Hierarchical partition"
"191",29,17.8555212458395,10.2832319863036,15.0449300610111,20,-0.0047598226553121,-0.0207629388989207,"single","Hierarchical partition"
"192",37,19.0276036284719,10.6537273025126,15.7005029103064,20,-0.035054299189787,-0.0207629388989207,"single","Hierarchical partition"
"193",49,19.6207412376981,12.9596331602898,16.3739011208343,20,-0.0750331546669533,-0.0207629388989207,"single","Hierarchical partition"
"194",41,19.759783578984,11.0517977161509,15.4549640784722,20,-0.0648761833621186,-0.0207629388989207,"single","Hierarchical partition"
"195",19,18.2768331977074,9.91118490856877,14.6642321690082,20,0.0038474910502083,-0.0207629388989207,"single","Hierarchical partition"
"196",22,18.3067277055803,10.7276733782974,14.9798535793502,20,0.00196580662408109,-0.0207629388989207,"single","Hierarchical partition"
"197",23,18.7137776804538,10.6176210331061,15.1268404767902,20,-0.0281522697402229,-0.0207629388989207,"single","Hierarchical partition"
"198",48,20.6223961884823,13.5130780235634,16.4016758632673,20,-0.0763658397465166,-0.0207629388989207,"single","Hierarchical partition"
"199",45,19.9435648893667,11.6483860820827,16.0403931576307,20,-0.0593467835790124,-0.0207629388989207,"single","Hierarchical partition"
"200",8,19.3291644430199,9.77525791355125,14.663186030418,20,-0.0144694819181218,-0.0207629388989207,"single","Hierarchical partition"
"201",31,18.1900222324573,12.2392784965451,15.4276001624254,20,-0.0137586436356135,-0.0201496103960155,"random","Kmeans partition"
"202",42,18.7310805594592,11.2756946322876,15.1962907738373,20,-0.00144109657176519,-0.0201496103960155,"random","Kmeans partition"
"203",48,18.1236821651771,11.0152156492507,15.5574193543162,20,-0.0188013328874904,-0.0201496103960155,"random","Kmeans partition"
"204",32,18.4599846705847,11.7316487256661,15.7471775212416,20,-0.0456737617185982,-0.0201496103960155,"random","Kmeans partition"
"205",4,19.1029677492174,12.3848677073616,15.875449047501,20,-0.0427293672018347,-0.0201496103960155,"random","Kmeans partition"
"206",25,18.1715886299993,10.9161117593438,15.6137169559924,20,-0.0290244520194556,-0.0201496103960155,"random","Kmeans partition"
"207",13,18.1614954210445,11.0906288341934,15.4636213531491,20,-0.0106169241592174,-0.0201496103960155,"random","Kmeans partition"
"208",14,19.0122446330862,10.8675302788996,15.7425234390241,20,-0.0224099073676764,-0.0201496103960155,"random","Kmeans partition"
"209",26,17.9532916081089,11.6759536480872,15.096757579928,20,-0.00607035380745321,-0.0201496103960155,"random","Kmeans partition"
"210",47,18.7474421500439,11.8991893438708,15.7208547124252,20,-0.040841666587415,-0.0201496103960155,"random","Kmeans partition"
"211",40,18.7266341498787,10.9695445988224,15.4275648520551,20,-0.0185551527745016,-0.0201496103960155,"random","Kmeans partition"
"212",30,19.5280569276352,12.4111188070839,15.7892679140587,20,-0.0523865120565669,-0.0201496103960155,"random","Kmeans partition"
"213",41,18.5155411306738,10.7432048818897,15.4129516258361,20,-0.0069114206467994,-0.0201496103960155,"random","Kmeans partition"
"214",28,18.7299740608903,12.1059222852351,15.5952162968245,20,-0.0331871606326682,-0.0201496103960155,"random","Kmeans partition"
"215",11,18.1880244179801,12.2091446049702,15.4569860001696,20,-0.0179195598326227,-0.0201496103960155,"random","Kmeans partition"
"216",46,18.3719200893221,11.8840363726126,15.4742429620151,20,-0.0375221027924043,-0.0201496103960155,"random","Kmeans partition"
"217",3,18.8556896659051,10.9230436776444,15.2275250396002,20,-0.0163758960261951,-0.0201496103960155,"random","Kmeans partition"
"218",24,18.8284995003241,11.3408253529987,15.8328982353681,20,-0.051350385062257,-0.0201496103960155,"random","Kmeans partition"
"219",12,18.9737269695289,11.8383017167879,15.755731697594,20,-0.0275966192998569,-0.0201496103960155,"random","Kmeans partition"
"220",45,19.0478713935321,12.1784909848935,15.5732011150453,20,-0.0286351914937882,-0.0201496103960155,"random","Kmeans partition"
"221",6,19.3278589545862,11.5267711085376,15.4106669328402,20,-0.0177054067001439,-0.0201496103960155,"random","Kmeans partition"
"222",10,19.6573668578498,12.6632881657329,15.7826532128306,19,-0.0379560940465007,-0.0201496103960155,"random","Kmeans partition"
"223",2,17.9846322426117,11.9002604209049,15.2120414136736,20,-0.00584442444669274,-0.0201496103960155,"random","Kmeans partition"
"224",43,18.2251329207392,9.21028325302952,15.2982648213926,20,-0.0173978062707412,-0.0201496103960155,"random","Kmeans partition"
"225",36,18.3603208319914,11.8336469891016,15.2240169635028,20,-0.00568282691223505,-0.0201496103960155,"random","Kmeans partition"
"226",17,18.1693978936788,7.13473240979121,15.3381950252332,20,-0.0141799003136302,-0.0201496103960155,"random","Kmeans partition"
"227",29,18.8054990069424,11.7359579120582,15.3935563295047,20,-0.00834439570249828,-0.0201496103960155,"random","Kmeans partition"
"228",5,17.3439826175744,7.91230999411783,14.9630318091844,20,-0.0080881090892514,-0.0201496103960155,"random","Kmeans partition"
"229",21,18.872110438205,12.7142731923115,15.7290570528641,20,-0.0313996597205852,-0.0201496103960155,"random","Kmeans partition"
"230",49,17.9387185063068,10.3998544134969,14.7551184521934,20,0.0109170275819569,-0.0201496103960155,"random","Kmeans partition"
"231",15,18.7102389334038,11.577858133066,15.7673902368234,20,-0.0445961565630678,-0.0201496103960155,"random","Kmeans partition"
"232",37,18.6262231067263,11.5210546482395,15.5363499134129,20,-0.0232965768199716,-0.0201496103960155,"random","Kmeans partition"
"233",8,18.3523884413177,10.9641421292242,15.4370995696532,20,-0.0220371956625026,-0.0201496103960155,"random","Kmeans partition"
"234",22,18.1703204362831,11.2676543685637,15.2112776990016,20,-0.0100358094859831,-0.0201496103960155,"random","Kmeans partition"
"235",18,18.611759439935,11.7344830031884,15.5901301969189,20,-0.0340647931260534,-0.0201496103960155,"random","Kmeans partition"
"236",35,18.0961743065143,10.1093005633868,15.0528304206829,20,-0.0099577606300243,-0.0201496103960155,"random","Kmeans partition"
"237",44,18.2629775160848,11.6890633105123,15.1445255618807,20,-0.0107331381185985,-0.0201496103960155,"random","Kmeans partition"
"238",34,18.5305407038933,10.8002142849729,14.8535803135766,20,-0.0045239279381367,-0.0201496103960155,"random","Kmeans partition"
"239",19,18.6372327259145,10.562634654624,15.1944624578012,20,-0.0103852284115052,-0.0201496103960155,"random","Kmeans partition"
"240",7,18.9178372933573,11.7600902666003,15.4702084899569,20,-0.0251071781959149,-0.0201496103960155,"random","Kmeans partition"
"241",1,19.642430437606,10.2832319863036,15.3205809830729,20,-0.0137309730368865,-0.0201496103960155,"random","Kmeans partition"
"242",16,17.4974354928591,11.6998836882063,14.613022206329,20,-0.00386553402191493,-0.0201496103960155,"random","Kmeans partition"
"243",23,18.1299098252875,11.7395663833029,15.2729939273682,20,-0.00125947043277573,-0.0201496103960155,"random","Kmeans partition"
"244",20,19.1957907508004,10.8799236192016,15.5127156924889,20,-0.0238384902864139,-0.0201496103960155,"random","Kmeans partition"
"245",33,19.0848387369492,9.91118490856877,15.8457767137307,20,-0.038911626996943,-0.0201496103960155,"random","Kmeans partition"
"246",27,18.1305049665023,11.6362249158213,15.0959828087218,20,-0.013191542424489,-0.0201496103960155,"random","Kmeans partition"
"247",38,18.2394720130804,11.5571920349709,15.2576924457971,20,-0.0179947389653373,-0.0201496103960155,"random","Kmeans partition"
"248",50,18.7195702227311,12.1251091045361,15.5490275502113,20,-0.0168920297725348,-0.0201496103960155,"random","Kmeans partition"
"249",9,19.300553877952,12.1627607725559,15.7475132623824,20,-0.0288668259364392,-0.0201496103960155,"random","Kmeans partition"
"250",39,18.0593708436765,11.3127245090877,14.9231559510078,20,0.00240725503669727,-0.0201496103960155,"random","Kmeans partition"
"251",10,18.4297131392801,11.5789819646123,15.2870745358277,20,-0.00229561341645865,-0.0203097211557127,"maxd","Kmeans partition"
"252",18,18.8607864002799,12.2762144233485,16.0460181291187,20,-0.0273214290522609,-0.0203097211557127,"maxd","Kmeans partition"
"253",2,18.14207716862,12.1410181547794,15.222753418926,20,-0.0193662554490663,-0.0203097211557127,"maxd","Kmeans partition"
"254",8,18.1148537872232,9.69083331975157,15.1223148709187,20,-0.0118703144779039,-0.0203097211557127,"maxd","Kmeans partition"
"255",35,18.4448447761898,9.44398194279041,15.1535847525363,20,-0.00803210726052202,-0.0203097211557127,"maxd","Kmeans partition"
"256",39,17.1755035523904,12.0960563605761,15.0118269261311,20,-0.0182376251315619,-0.0203097211557127,"maxd","Kmeans partition"
"257",21,18.7814437453901,12.7388652061111,15.9853112807512,20,-0.0453655561983006,-0.0203097211557127,"maxd","Kmeans partition"
"258",9,18.5839870077728,11.2578298030272,15.8843891496371,20,-0.0260791103509117,-0.0203097211557127,"maxd","Kmeans partition"
"259",23,18.1091026422893,11.6053972129892,15.1805621042855,20,-0.0221928003737102,-0.0203097211557127,"maxd","Kmeans partition"
"260",1,20.4871750542363,12.3213923517935,16.8082260332173,20,-0.0674582956441154,-0.0203097211557127,"maxd","Kmeans partition"
"261",32,17.3426996514202,11.8070050125297,14.7858243616745,20,-0.00963437633465186,-0.0203097211557127,"maxd","Kmeans partition"
"262",17,17.7824440250974,10.5917781322587,15.2279182950118,20,-0.0142545382851613,-0.0203097211557127,"maxd","Kmeans partition"
"263",37,18.8717409165064,11.8580735819519,15.5435539772685,20,-0.0332085408262481,-0.0203097211557127,"maxd","Kmeans partition"
"264",24,17.7944326431458,11.228239953739,15.3211860266194,20,-0.00803509176900326,-0.0203097211557127,"maxd","Kmeans partition"
"265",19,18.2468750468699,10.7276733782974,14.9180058885948,20,-0.0172633630269379,-0.0203097211557127,"maxd","Kmeans partition"
"266",16,18.3251330973359,12.4955352419688,15.1717356334088,20,-0.0118604403612028,-0.0203097211557127,"maxd","Kmeans partition"
"267",26,17.4108505973614,11.299418488329,14.9304627318121,20,-0.0129727070086069,-0.0203097211557127,"maxd","Kmeans partition"
"268",7,18.7811823400591,11.541592291362,15.8811454198531,20,-0.043015292890037,-0.0203097211557127,"maxd","Kmeans partition"
"269",28,19.8148461387982,12.9629294937981,16.4105518177822,20,-0.0484259145812799,-0.0203097211557127,"maxd","Kmeans partition"
"270",42,19.0561841659815,12.4093024836362,15.9715236033494,20,-0.0418842071349446,-0.0203097211557127,"maxd","Kmeans partition"
"271",5,18.8722137417822,12.3754466395636,15.6155705145197,20,-0.02998316966426,-0.0203097211557127,"maxd","Kmeans partition"
"272",49,18.2358212612947,11.3439198619324,15.3523410511147,20,-0.0230971965077268,-0.0203097211557127,"maxd","Kmeans partition"
"273",15,18.0125625594586,11.4393275255644,15.3668678578835,20,-0.0271579048007399,-0.0203097211557127,"maxd","Kmeans partition"
"274",41,18.3603208319914,11.0803481877845,15.5503525606303,20,-0.0205581519888592,-0.0203097211557127,"maxd","Kmeans partition"
"275",38,17.9274384767804,9.91118490856877,15.0765221310068,20,-0.0108469515824824,-0.0203097211557127,"maxd","Kmeans partition"
"276",22,17.7696259704388,11.0684182684239,14.7397044353628,20,0.00138406267165782,-0.0203097211557127,"maxd","Kmeans partition"
"277",14,18.0238074583901,11.2533773640629,15.1977079963495,20,-0.0188962545496258,-0.0203097211557127,"maxd","Kmeans partition"
"278",29,18.2166113640044,11.0670441770256,14.6658156053838,20,0.000737712032600453,-0.0203097211557127,"maxd","Kmeans partition"
"279",46,18.1210367640674,11.9582293784796,15.295940289904,20,-0.0141325347058845,-0.0203097211557127,"maxd","Kmeans partition"
"280",34,17.6252776415337,11.6862324479191,14.7034597148904,20,-0.00887718345265292,-0.0203097211557127,"maxd","Kmeans partition"
"281",13,18.1233400227533,12.3809471949616,15.3691477305661,20,-0.0304767562807572,-0.0203097211557127,"maxd","Kmeans partition"
"282",33,17.9003521738954,11.7183194649948,15.0124856606678,20,-0.0149623959494439,-0.0203097211557127,"maxd","Kmeans partition"
"283",50,18.0994287427683,11.1640760436627,15.5745980064645,20,-0.0202071491016291,-0.0203097211557127,"maxd","Kmeans partition"
"284",25,18.2814252707005,12.2944236220397,15.2867308081591,20,-0.0196843960638898,-0.0203097211557127,"maxd","Kmeans partition"
"285",12,19.1323827138178,12.6223805168836,15.3855265087505,20,-0.0292593668796522,-0.0203097211557127,"maxd","Kmeans partition"
"286",48,17.1957704801395,12.4757447682666,14.7629602121029,20,-0.00882497657229833,-0.0203097211557127,"maxd","Kmeans partition"
"287",45,18.7427974011841,11.1607218541993,15.3784869334993,20,-0.00916445245477739,-0.0203097211557127,"maxd","Kmeans partition"
"288",47,17.8541242637259,11.7040377501032,15.3319588893526,20,-0.0228461601478756,-0.0203097211557127,"maxd","Kmeans partition"
"289",31,19.0240971456526,11.0906288341934,15.4723158243267,20,-0.0141370084898078,-0.0203097211557127,"maxd","Kmeans partition"
"290",20,17.9745191084455,9.79944513363733,15.1629589869007,20,-0.0148740139333522,-0.0203097211557127,"maxd","Kmeans partition"
"291",11,17.5624558455954,11.3967334743846,15.1743987262126,20,-0.0119265587376959,-0.0203097211557127,"maxd","Kmeans partition"
"292",40,17.7751680701624,9.71124983404154,15.5110343059035,20,-0.024744607071704,-0.0203097211557127,"maxd","Kmeans partition"
"293",36,18.0535781356455,10.8795705177782,15.1258760435158,20,-0.0264284326143986,-0.0203097211557127,"maxd","Kmeans partition"
"294",43,18.3347919845297,11.2676543685637,15.3813789498493,20,-0.0198503510143562,-0.0203097211557127,"maxd","Kmeans partition"
"295",6,18.0648150435948,11.8770970921247,15.1024687794206,20,-0.0172581382825258,-0.0203097211557127,"maxd","Kmeans partition"
"296",3,17.7754845083556,11.8912419336153,15.4334214934454,20,-0.0048129984821983,-0.0203097211557127,"maxd","Kmeans partition"
"297",44,18.8533176963143,12.3977634260598,15.921149149867,20,-0.0329202282753158,-0.0203097211557127,"maxd","Kmeans partition"
"298",30,18.8598542396155,10.8973501817396,15.7419704885603,20,-0.023178430614548,-0.0203097211557127,"maxd","Kmeans partition"
"299",27,17.056645940883,10.3425717562069,14.6253932218947,19,-0.00825477625061124,-0.0203097211557127,"maxd","Kmeans partition"
"300",4,19.540894946119,12.2148267413865,15.4002465877735,20,-0.0208709612026866,-0.0203097211557127,"maxd","Kmeans partition"
"301",15,18.1366384109172,11.2444730445332,14.9743799262286,20,-0.00307050677900364,-0.0252162770483711,"mind","Kmeans partition"
"302",46,19.0624581088618,13.6507829666426,16.0471115722418,20,-0.0489141154162415,-0.0252162770483711,"mind","Kmeans partition"
"303",31,18.016963322842,9.77525791355125,14.6088702085278,20,-0.00247431000581233,-0.0252162770483711,"mind","Kmeans partition"
"304",5,17.6001467687239,10.085722061391,15.074039087122,20,-0.00945171566027118,-0.0252162770483711,"mind","Kmeans partition"
"305",14,17.7000852984352,9.44398194279041,14.2059449716929,20,0.0322523186423579,-0.0252162770483711,"mind","Kmeans partition"
"306",45,17.5394037958531,10.2522315788196,14.8537771778497,20,-0.0101993936571448,-0.0252162770483711,"mind","Kmeans partition"
"307",8,19.0581868577083,12.3213923517935,16.5908638805023,20,-0.0611085385604912,-0.0252162770483711,"mind","Kmeans partition"
"308",13,19.2692710799279,9.22702325672519,15.6846001042146,20,-0.0339906712752095,-0.0252162770483711,"mind","Kmeans partition"
"309",2,18.0602779379464,11.5410407812836,15.0173129134781,20,-0.0180864649021943,-0.0252162770483711,"mind","Kmeans partition"
"310",47,20.2317431742982,11.8403409926618,17.0458656442522,20,-0.0807096520957325,-0.0252162770483711,"mind","Kmeans partition"
"311",24,19.5679980778384,12.3436051707813,15.8476477195039,20,-0.0493827041736257,-0.0252162770483711,"mind","Kmeans partition"
"312",18,18.3443700569567,12.4695024988766,15.8274742372444,20,-0.0460255179777136,-0.0252162770483711,"mind","Kmeans partition"
"313",6,18.344026739987,11.5292273767659,14.9244088992196,20,-0.0250842344740072,-0.0252162770483711,"mind","Kmeans partition"
"314",28,17.4698961376665,12.2215253484292,14.9019818906978,20,-0.010473732164466,-0.0252162770483711,"mind","Kmeans partition"
"315",16,18.0788361317899,11.4845787899564,15.1188107479429,20,-0.009060322702697,-0.0252162770483711,"mind","Kmeans partition"
"316",25,17.4902682447189,11.4657271197054,15.0838632471527,20,-0.0146277551744332,-0.0252162770483711,"mind","Kmeans partition"
"317",34,17.4005527988392,7.13473240979121,14.3448903062768,20,0.0196316262510458,-0.0252162770483711,"mind","Kmeans partition"
"318",7,18.5964593045693,10.5917781322587,15.3247260515918,20,-0.0280654417521548,-0.0252162770483711,"mind","Kmeans partition"
"319",20,18.6000137478421,11.3967334743846,15.6605664577263,20,-0.0371915824713883,-0.0252162770483711,"mind","Kmeans partition"
"320",49,19.3904801563057,12.0779795291531,16.1323304344607,20,-0.0477291511742792,-0.0252162770483711,"mind","Kmeans partition"
"321",48,19.2535520871426,11.9484521809329,16.1492307685417,20,-0.0445307686820539,-0.0252162770483711,"mind","Kmeans partition"
"322",41,19.8326676374968,11.6206596333822,16.3451907275039,20,-0.0573610676591569,-0.0252162770483711,"mind","Kmeans partition"
"323",3,18.9927960646696,12.1926956413322,15.0855491125296,20,-0.00647758646373588,-0.0252162770483711,"mind","Kmeans partition"
"324",10,18.4235327415583,12.0305866078918,15.316438813299,20,-0.0368350553481849,-0.0252162770483711,"mind","Kmeans partition"
"325",44,18.097195546787,11.1980323290585,15.4284824208589,20,-0.0186764867992903,-0.0252162770483711,"mind","Kmeans partition"
"326",40,17.7835382257578,10.913253695185,15.1067455561081,20,-0.0203127015976829,-0.0252162770483711,"mind","Kmeans partition"
"327",19,18.4224374478625,12.0387147437149,15.3881031052908,20,-0.0207516749817329,-0.0252162770483711,"mind","Kmeans partition"
"328",43,19.0150680966199,12.2679435810565,15.376450845616,20,-0.0426849437459099,-0.0252162770483711,"mind","Kmeans partition"
"329",12,17.9607334147658,10.2832319863036,15.013973470036,20,-0.019651370734162,-0.0252162770483711,"mind","Kmeans partition"
"330",33,17.0322811723935,9.66865478350133,14.0474412942111,20,0.0249587398477461,-0.0252162770483711,"mind","Kmeans partition"
"331",50,18.5391125591134,11.879326304856,15.5742603900504,20,-0.0375573719701257,-0.0252162770483711,"mind","Kmeans partition"
"332",35,17.3722260177345,9.21028325302952,14.6638753424269,20,0.00402593244733334,-0.0252162770483711,"mind","Kmeans partition"
"333",11,17.7178285404395,11.1366376819371,15.2754177139855,20,-0.017486698663536,-0.0252162770483711,"mind","Kmeans partition"
"334",30,18.4869904550844,11.6302542864414,15.0635955747749,20,-0.0278078244443236,-0.0252162770483711,"mind","Kmeans partition"
"335",9,17.6400142091766,11.0037971021323,14.6241944345279,20,-0.00657169292449926,-0.0252162770483711,"mind","Kmeans partition"
"336",32,19.1937305399731,11.3398186655861,15.9588698039323,20,-0.0508511529954291,-0.0252162770483711,"mind","Kmeans partition"
"337",21,18.0197328651294,10.9346016721396,15.1380479304244,20,-0.0111178157445995,-0.0252162770483711,"mind","Kmeans partition"
"338",4,19.725104243375,12.1294167368772,15.942367653848,20,-0.0461854939380584,-0.0252162770483711,"mind","Kmeans partition"
"339",26,17.9543127085957,10.8175039962685,15.2498817547088,20,-0.0263376643899561,-0.0252162770483711,"mind","Kmeans partition"
"340",36,19.4349111661815,12.0214395782188,15.7257065144272,20,-0.0242803012562862,-0.0252162770483711,"mind","Kmeans partition"
"341",1,17.9596699735672,10.3982258182235,15.2223154629182,20,-0.01943275503757,-0.0252162770483711,"mind","Kmeans partition"
"342",27,18.7671947293234,12.0316687406802,15.7751728808675,20,-0.0480108747342366,-0.0252162770483711,"mind","Kmeans partition"
"343",39,19.4181966376329,12.6141360198146,16.101139305331,20,-0.0394968886021214,-0.0252162770483711,"mind","Kmeans partition"
"344",38,18.5015217453914,12.1012711551105,15.5089171718478,20,-0.0286935317455813,-0.0252162770483711,"mind","Kmeans partition"
"345",42,19.3218478387266,12.5110194551574,15.6608951659006,20,-0.0348546407632098,-0.0252162770483711,"mind","Kmeans partition"
"346",17,20.7481326931108,13.7754366247177,16.9112069041028,19,-0.0733545288167392,-0.0252162770483711,"mind","Kmeans partition"
"347",37,17.7892837866825,10.8675302788996,15.21105845352,20,-0.0118822425967474,-0.0252162770483711,"mind","Kmeans partition"
"348",29,18.2921694892241,11.0803481877845,15.4010478489954,20,-0.0268133433789535,-0.0252162770483711,"mind","Kmeans partition"
"349",23,17.5032816507956,10.1331504065389,14.7835091334052,20,-0.00706679319793278,-0.0252162770483711,"mind","Kmeans partition"
"350",22,17.5629755435035,10.383556791664,14.9693265272084,20,-0.00336030056677709,-0.0252162770483711,"mind","Kmeans partition"
"351",35,17.5725864149234,7.91230999411783,14.3347794573612,20,0.0352097066478634,-0.0154709721344696,"elki","Kmeans partition"
"352",49,18.0947039433339,12.0925456240749,15.4681588632208,20,-0.0221720856395935,-0.0154709721344696,"elki","Kmeans partition"
"353",34,17.8817509647437,11.2438441451351,15.1771419877456,20,-0.00484898738146242,-0.0154709721344696,"elki","Kmeans partition"
"354",20,18.2160745846564,10.2487265302537,15.4557604763985,20,-0.0181221574590821,-0.0154709721344696,"elki","Kmeans partition"
"355",7,19.1656291365993,11.3458243863103,15.5000503698936,20,-0.0275455578142171,-0.0154709721344696,"elki","Kmeans partition"
"356",8,18.9558578445128,10.669717798795,15.453573600372,20,-0.0238941234047334,-0.0154709721344696,"elki","Kmeans partition"
"357",43,17.9244023997076,11.3320679646696,15.5204276159158,20,-0.0191306688586587,-0.0154709721344696,"elki","Kmeans partition"
"358",37,18.7862779863315,9.67938467299751,15.4986738173502,20,-0.0159429568567578,-0.0154709721344696,"elki","Kmeans partition"
"359",48,18.180227056536,11.9207207443288,15.311797024365,20,-0.00892366472827043,-0.0154709721344696,"elki","Kmeans partition"
"360",31,19.1560454796259,12.0263375871006,15.7064813057218,20,-0.0290182735075003,-0.0154709721344696,"elki","Kmeans partition"
"361",15,18.1303628510508,11.7765854270228,15.6217875508416,20,-0.0324954438990098,-0.0154709721344696,"elki","Kmeans partition"
"362",24,17.7720779715321,10.899713981295,15.2792449379906,20,-0.0103229384795377,-0.0154709721344696,"elki","Kmeans partition"
"363",23,19.754046393452,11.3798118449713,15.9992947776191,20,-0.0374874972396636,-0.0154709721344696,"elki","Kmeans partition"
"364",50,18.0109575116887,11.2051161041066,14.9949608064348,20,-0.00177451933829334,-0.0154709721344696,"elki","Kmeans partition"
"365",6,18.411034800248,9.69430023364611,14.5818522809937,20,0.00633727889232971,-0.0154709721344696,"elki","Kmeans partition"
"366",27,18.1529357402451,11.5154395340096,15.297095521116,20,-0.00718375407991614,-0.0154709721344696,"elki","Kmeans partition"
"367",2,17.7861533267325,12.2461361193247,15.343182459565,20,-0.0103195923534422,-0.0154709721344696,"elki","Kmeans partition"
"368",12,17.9946788608453,10.0102672398652,14.9643817743413,20,-0.013190025589177,-0.0154709721344696,"elki","Kmeans partition"
"369",1,17.9612387325881,11.2578298030272,15.539448062832,20,-0.0172286744777333,-0.0154709721344696,"elki","Kmeans partition"
"370",30,19.540894946119,10.9048545362076,14.6203227674748,20,0.00284844634858763,-0.0154709721344696,"elki","Kmeans partition"
"371",44,19.029391368884,12.1948040701724,15.6485573900975,20,-0.0262980026827243,-0.0154709721344696,"elki","Kmeans partition"
"372",11,18.1020546225221,11.5767032491845,15.1192174790687,20,-0.00702083201590402,-0.0154709721344696,"elki","Kmeans partition"
"373",16,19.7564428877021,11.228239953739,15.5505455648585,20,-0.030016785975223,-0.0154709721344696,"elki","Kmeans partition"
"374",32,18.4634950395698,11.6588789094133,15.1395127141482,20,-0.0106412511042445,-0.0154709721344696,"elki","Kmeans partition"
"375",18,18.8623612436935,12.7370921732498,15.8838393193598,20,-0.0416710587060399,-0.0154709721344696,"elki","Kmeans partition"
"376",42,18.2784591802306,11.8733186007616,15.0879256527308,20,0.00570941138706913,-0.0154709721344696,"elki","Kmeans partition"
"377",3,18.354143080285,10.3932971660734,15.2138824030207,20,-0.0151209031006606,-0.0154709721344696,"elki","Kmeans partition"
"378",5,18.3920367764463,11.4845787899564,15.2434378765565,20,-0.0160765075376521,-0.0154709721344696,"elki","Kmeans partition"
"379",36,17.8222894038097,10.562634654624,15.0538637473414,20,-0.00509400512256672,-0.0154709721344696,"elki","Kmeans partition"
"380",14,17.7619419800955,7.95453629990151,14.9989415373592,20,-0.0118344659793344,-0.0154709721344696,"elki","Kmeans partition"
"381",28,18.3733270550779,10.0552339247873,15.396802152591,20,-0.0188571405450358,-0.0154709721344696,"elki","Kmeans partition"
"382",13,18.6767755719149,12.0881763612566,15.7442603168997,20,-0.0348496780067844,-0.0154709721344696,"elki","Kmeans partition"
"383",10,18.3276161811567,11.5992750343413,15.1405462779904,20,-0.00814387138341909,-0.0154709721344696,"elki","Kmeans partition"
"384",46,17.9848174314922,11.3742908333706,15.0146421606618,20,-0.0101810775083724,-0.0154709721344696,"elki","Kmeans partition"
"385",22,18.6984764260533,10.7274639864068,15.1316089768041,20,-0.00475526841030118,-0.0154709721344696,"elki","Kmeans partition"
"386",26,17.5973259586454,12.0286975791433,15.2730594160301,20,-0.00676627711188759,-0.0154709721344696,"elki","Kmeans partition"
"387",38,19.0738186259991,12.2679435810565,15.3408213793163,20,-0.0150969790288412,-0.0154709721344696,"elki","Kmeans partition"
"388",9,19.477232766324,12.6121117930688,15.6390553935846,20,-0.0193187616172954,-0.0154709721344696,"elki","Kmeans partition"
"389",33,18.4388965100092,10.9741138591362,15.198463203947,20,-0.0158976850385135,-0.0154709721344696,"elki","Kmeans partition"
"390",4,17.9245513800776,12.184973532921,15.2168733872706,20,-0.0275340052788317,-0.0154709721344696,"elki","Kmeans partition"
"391",21,18.0829530724573,11.1675094572946,15.6010412083436,20,-0.028669553676909,-0.0154709721344696,"elki","Kmeans partition"
"392",40,19.1635423672315,11.8912419336153,15.8686865051471,20,-0.0330991657371326,-0.0154709721344696,"elki","Kmeans partition"
"393",25,17.1747138628723,10.3977782994242,14.776315023173,20,0.00323411402164101,-0.0154709721344696,"elki","Kmeans partition"
"394",45,18.2662422513103,10.4065611611378,15.1418557427935,20,-0.0145560393201446,-0.0154709721344696,"elki","Kmeans partition"
"395",19,18.0995730165237,11.6495111352652,15.2954348781059,20,-0.0153181773780813,-0.0154709721344696,"elki","Kmeans partition"
"396",41,17.948506651591,11.2143277794696,15.0402599785992,20,-0.0102559434207663,-0.0154709721344696,"elki","Kmeans partition"
"397",39,19.9859080706582,13.2534195908564,16.2196142342943,19,-0.0616910801066681,-0.0154709721344696,"elki","Kmeans partition"
"398",17,18.0526975832838,10.8799236192016,15.3235971449935,20,-0.01902214788596,-0.0154709721344696,"elki","Kmeans partition"
"399",47,17.9980882351478,10.7581285198044,14.7861859619815,20,0.00483482228147623,-0.0154709721344696,"elki","Kmeans partition"
"400",29,18.296036862891,11.3825951313802,15.5232538347307,20,-0.0266458069147153,-0.0154709721344696,"elki","Kmeans partition"
"401",27,17.7305039197376,10.2522315788196,15.2070408471939,20,-0.0167013591440404,-0.00860161845339439,"random","Nearest Neighbors"
"402",30,18.7579747150682,12.3068727820275,15.2673356442765,20,-0.0281476869497633,-0.00860161845339439,"random","Nearest Neighbors"
"403",44,17.7209341934273,11.7727882181969,15.2580047882631,20,-0.0103344075859825,-0.00860161845339439,"random","Nearest Neighbors"
"404",24,18.7696585745037,11.9917816412238,15.1027078567546,20,-0.0194722248085218,-0.00860161845339439,"random","Nearest Neighbors"
"405",16,17.0689070581986,9.44398194279041,14.0315859325841,20,0.0298856268956486,-0.00860161845339439,"random","Nearest Neighbors"
"406",39,18.7099584989327,11.6109704263811,15.1728118150489,20,-0.0169901728795236,-0.00860161845339439,"random","Nearest Neighbors"
"407",14,17.6212879284957,12.3609749030638,14.7674224894573,20,-0.00386992185068403,-0.00860161845339439,"random","Nearest Neighbors"
"408",28,18.4387779136117,11.1350059246626,15.1774442751048,20,-0.0104547156694183,-0.00860161845339439,"random","Nearest Neighbors"
"409",48,19.3776414096886,11.9213221670009,16.1789821580751,20,-0.0512835891428195,-0.00860161845339439,"random","Nearest Neighbors"
"410",21,17.929898884864,11.1997702679604,14.6507767647736,20,0.0115102906775223,-0.00860161845339439,"random","Nearest Neighbors"
"411",38,19.2635994561677,12.7523312557553,15.9684669715952,20,-0.0502072355726027,-0.00860161845339439,"random","Nearest Neighbors"
"412",9,17.0738329611489,10.0310015541855,14.5811685500674,20,0.0184118723566466,-0.00860161845339439,"random","Nearest Neighbors"
"413",4,17.4520510622217,9.4223006198744,13.7412214634874,20,0.0479410819952292,-0.00860161845339439,"random","Nearest Neighbors"
"414",11,16.915698234365,10.3932971660734,13.4499086259153,20,0.0527843034873413,-0.00860161845339439,"random","Nearest Neighbors"
"415",43,18.9267513233085,11.0926836499099,15.5475035083402,20,-0.0241803338261468,-0.00860161845339439,"random","Nearest Neighbors"
"416",20,17.9978759706069,10.8185746422515,14.6568989225014,20,-0.00554572698181104,-0.00860161845339439,"random","Nearest Neighbors"
"417",1,17.7205584939593,11.3179348409577,14.4547930482226,20,0.025666163087845,-0.00860161845339439,"random","Nearest Neighbors"
"418",18,17.0519442443195,10.3425717562069,14.3676886447813,20,0.0217360702788725,-0.00860161845339439,"random","Nearest Neighbors"
"419",6,16.9338880384006,10.7432048818897,14.3868826351919,20,0.0184830045876023,-0.00860161845339439,"random","Nearest Neighbors"
"420",45,19.0773336778801,11.5847424338912,15.8529322129322,20,-0.0358795325601067,-0.00860161845339439,"random","Nearest Neighbors"
"421",47,20.4408484539665,12.5933399306544,16.2610362507989,20,-0.0627913034180198,-0.00860161845339439,"random","Nearest Neighbors"
"422",40,18.2125379588486,10.8295031219708,15.3499199708912,20,-0.0185774794448627,-0.00860161845339439,"random","Nearest Neighbors"
"423",41,18.7133088454079,11.8388064691776,15.4799074252225,20,-0.0199825576777945,-0.00860161845339439,"random","Nearest Neighbors"
"424",3,17.2565812967461,10.4766558879991,14.0209639681737,20,0.025362222491036,-0.00860161845339439,"random","Nearest Neighbors"
"425",37,18.4647927458104,11.0620392801492,15.2215835327785,20,-0.0296798818268628,-0.00860161845339439,"random","Nearest Neighbors"
"426",22,17.9290446018414,10.562634654624,14.2314014800446,20,0.00989308711963449,-0.00860161845339439,"random","Nearest Neighbors"
"427",17,17.6686428701977,12.3258423986006,15.0676670269887,20,-0.00825378120312771,-0.00860161845339439,"random","Nearest Neighbors"
"428",23,17.9713667627844,10.8917702491803,14.3430436185633,20,0.0118002048623101,-0.00860161845339439,"random","Nearest Neighbors"
"429",15,17.3374579880786,9.33834470862753,14.3283199851073,20,0.0101151976078255,-0.00860161845339439,"random","Nearest Neighbors"
"430",13,18.1294436077284,11.2676543685637,15.0653040153626,20,0.00439529216627105,-0.00860161845339439,"random","Nearest Neighbors"
"431",26,18.4259094105482,10.9858257868561,14.9624851161593,19,-0.00846596768299152,-0.00860161845339439,"random","Nearest Neighbors"
"432",29,17.9833735002797,11.0803481877845,14.8062853350385,20,-0.00862450318732638,-0.00860161845339439,"random","Nearest Neighbors"
"433",36,18.3476370957164,12.5384097443639,15.6065010134883,20,-0.0405340794503367,-0.00860161845339439,"random","Nearest Neighbors"
"434",19,18.360324483919,11.7266744150306,15.1205095027468,20,-0.0135401921037138,-0.00860161845339439,"random","Nearest Neighbors"
"435",34,18.5237301484682,10.7585328144156,15.0520475243607,20,-0.0188150926354687,-0.00860161845339439,"random","Nearest Neighbors"
"436",31,18.382070560172,11.6395728063313,15.1068981985391,20,0.00921897672579052,-0.00860161845339439,"random","Nearest Neighbors"
"437",5,17.132682877571,10.1237908605632,14.3131399714993,20,0.0296003276087048,-0.00860161845339439,"random","Nearest Neighbors"
"438",42,19.0261994193482,12.5685385854823,15.7573770675536,20,-0.046231959567017,-0.00860161845339439,"random","Nearest Neighbors"
"439",25,18.4875657770221,10.5030331216102,14.9909979155161,20,-0.00413785286103223,-0.00860161845339439,"random","Nearest Neighbors"
"440",8,17.7086359560194,9.21028325302952,14.6180567639362,20,0.00972554348360064,-0.00860161845339439,"random","Nearest Neighbors"
"441",33,18.2907247655289,10.8799236192016,15.3571388028132,20,-0.0261431428418077,-0.00860161845339439,"random","Nearest Neighbors"
"442",32,18.334914299599,10.2832319863036,15.290813267738,20,-0.0101618629703473,-0.00860161845339439,"random","Nearest Neighbors"
"443",10,18.1486890318317,10.9161117593438,14.6839077928796,20,0.0290932520676888,-0.00860161845339439,"random","Nearest Neighbors"
"444",35,17.2813856201297,11.0906288341934,14.7107408942236,20,-0.00461056681323541,-0.00860161845339439,"random","Nearest Neighbors"
"445",7,17.5977959148369,11.3561578397449,14.8344768000464,20,-0.00427820724226534,-0.00860161845339439,"random","Nearest Neighbors"
"446",12,17.894041109663,11.5161678555024,14.4278480627305,20,0.00836946890329921,-0.00860161845339439,"random","Nearest Neighbors"
"447",2,17.6675680361819,10.1196681351981,14.4414313472448,20,0.00867507300307151,-0.00860161845339439,"random","Nearest Neighbors"
"448",49,19.6318310734208,12.2091446049702,16.2847983241632,20,-0.0649336577839906,-0.00860161845339439,"random","Nearest Neighbors"
"449",50,20.4065569079269,11.9026238602934,17.1746262303263,20,-0.0909590340773596,-0.00860161845339439,"random","Nearest Neighbors"
"450",46,18.8831595795277,12.0436570001316,16.0231191732002,20,-0.0589531697781593,-0.00860161845339439,"random","Nearest Neighbors"
"451",47,17.8921020215374,11.7497777002416,15.315190523444,20,-0.0209669853544013,-0.00419320343845945,"maxd","Nearest Neighbors"
"452",40,17.9588433138267,11.9151082097886,15.3117861771601,20,-0.0196802276724139,-0.00419320343845945,"maxd","Nearest Neighbors"
"453",18,18.8478814999276,11.6395538466171,15.1857115674402,20,-0.00805437798081183,-0.00419320343845945,"maxd","Nearest Neighbors"
"454",20,17.585816059735,11.4056065547485,14.8281238434316,20,0.0080264635624932,-0.00419320343845945,"maxd","Nearest Neighbors"
"455",49,18.8315666521164,11.5821080731217,15.8251700106703,20,-0.0403405126311601,-0.00419320343845945,"maxd","Nearest Neighbors"
"456",44,18.5816698032104,11.2186849943478,15.2474317078696,20,-0.0213165140176456,-0.00419320343845945,"maxd","Nearest Neighbors"
"457",9,17.4676403787186,11.2965433044198,14.6976564216552,20,0.0278856014060914,-0.00419320343845945,"maxd","Nearest Neighbors"
"458",3,17.5364862727665,9.21028325302952,14.8601212992152,20,0.0137962034486586,-0.00419320343845945,"maxd","Nearest Neighbors"
"459",11,17.9642962213874,10.3580143520543,14.7875296505607,20,0.00596604370326058,-0.00419320343845945,"maxd","Nearest Neighbors"
"460",25,18.4310676692578,11.5720896039368,14.7685047471514,20,0.00987565838877062,-0.00419320343845945,"maxd","Nearest Neighbors"
"461",1,18.2692601478694,10.0102672398652,14.6346963007987,20,0.0115240027698364,-0.00419320343845945,"maxd","Nearest Neighbors"
"462",16,17.1606135393335,11.7512984883587,14.6716975950856,20,0.0271043697494146,-0.00419320343845945,"maxd","Nearest Neighbors"
"463",41,18.2678680476777,11.7481858712536,15.0412519390968,20,0.000697628865289182,-0.00419320343845945,"maxd","Nearest Neighbors"
"464",23,17.5049338598239,10.9070602068647,14.2601017556471,20,0.0297753652126503,-0.00419320343845945,"maxd","Nearest Neighbors"
"465",27,17.8451204565997,11.2047688840533,14.8156255912742,20,0.0101036564164586,-0.00419320343845945,"maxd","Nearest Neighbors"
"466",22,18.0791333614836,11.668090529576,15.2967679076045,20,-0.00955975604964329,-0.00419320343845945,"maxd","Nearest Neighbors"
"467",43,17.9217341714475,11.135867084418,15.0806674321725,20,-0.00512846660666522,-0.00419320343845945,"maxd","Nearest Neighbors"
"468",14,18.8032781165516,10.8019840147011,15.1025517592537,20,0.00102423279009826,-0.00419320343845945,"maxd","Nearest Neighbors"
"469",46,18.4080644535465,10.7029832335763,15.5693642401337,20,-0.0287133878854766,-0.00419320343845945,"maxd","Nearest Neighbors"
"470",36,17.7439542356212,10.7181085274518,15.1894929953945,20,-0.0172288297690253,-0.00419320343845945,"maxd","Nearest Neighbors"
"471",34,17.9366850066033,11.3870716191673,15.4652972717821,20,-0.0275043977336675,-0.00419320343845945,"maxd","Nearest Neighbors"
"472",30,18.3361907866202,10.0552339247873,14.8530914289566,20,0.0013561916477167,-0.00419320343845945,"maxd","Nearest Neighbors"
"473",12,17.8961932334448,11.3524415981777,14.9105510251836,20,0.00848106482850442,-0.00419320343845945,"maxd","Nearest Neighbors"
"474",13,18.2927160598732,10.4090991830984,14.9625194383811,20,-0.0124422588680654,-0.00419320343845945,"maxd","Nearest Neighbors"
"475",19,18.0927668631047,12.1940122215658,15.421365841393,20,-0.027131409873093,-0.00419320343845945,"maxd","Nearest Neighbors"
"476",42,17.5372019491154,11.5553032723588,15.2486625243432,20,-0.0186334697785064,-0.00419320343845945,"maxd","Nearest Neighbors"
"477",35,18.1354642383121,10.9695445988224,15.3511937318762,20,-0.0227286933641235,-0.00419320343845945,"maxd","Nearest Neighbors"
"478",7,17.4736290477768,11.19091207959,14.7227274044555,20,0.0115414133439844,-0.00419320343845945,"maxd","Nearest Neighbors"
"479",15,18.1441362867589,11.6483860820827,14.9585184773264,20,0.00592342827350469,-0.00419320343845945,"maxd","Nearest Neighbors"
"480",28,17.8449736646868,12.1087507814304,15.0385019537636,20,-0.00518368121549507,-0.00419320343845945,"maxd","Nearest Neighbors"
"481",29,18.3829269299233,9.6801272938804,15.2643439647328,20,-0.0195604791096022,-0.00419320343845945,"maxd","Nearest Neighbors"
"482",39,20.1105237209692,11.8846159947924,15.4296516414805,20,-0.02395035099531,-0.00419320343845945,"maxd","Nearest Neighbors"
"483",33,18.0617451658315,11.651822544608,15.2410935739675,20,-0.00643380909568024,-0.00419320343845945,"maxd","Nearest Neighbors"
"484",5,18.0609057311558,10.5304902438913,14.9114420433808,20,0.00153044106273494,-0.00419320343845945,"maxd","Nearest Neighbors"
"485",2,18.186878347448,11.5916819890327,15.1125436023527,20,-0.00846570183358879,-0.00419320343845945,"maxd","Nearest Neighbors"
"486",32,18.0106102374681,9.71124983404154,14.6118545935517,20,0.0187610218487856,-0.00419320343845945,"maxd","Nearest Neighbors"
"487",45,18.2930260857819,11.6734885831429,15.1573203516549,20,-0.0127734192725287,-0.00419320343845945,"maxd","Nearest Neighbors"
"488",17,18.0090833657599,11.2139782947662,15.2386321385621,20,-0.0115609322513922,-0.00419320343845945,"maxd","Nearest Neighbors"
"489",24,17.5095153788895,11.796974071181,14.7028768353109,20,0.0112615290809809,-0.00419320343845945,"maxd","Nearest Neighbors"
"490",31,17.9700537349561,10.7371035039901,14.8964226095999,20,0.00195177495279742,-0.00419320343845945,"maxd","Nearest Neighbors"
"491",26,17.8363660272129,10.8590446997144,15.0423057331508,19,-0.00122797192319677,-0.00419320343845945,"maxd","Nearest Neighbors"
"492",4,18.2707604314522,9.91118490856877,14.7222002848537,20,0.0201557852513967,-0.00419320343845945,"maxd","Nearest Neighbors"
"493",37,19.0519638320961,10.8229557641246,15.1177851321927,20,-0.0171993273231584,-0.00419320343845945,"maxd","Nearest Neighbors"
"494",8,17.334147099167,10.085722061391,14.7579379271578,20,0.0150641743255938,-0.00419320343845945,"maxd","Nearest Neighbors"
"495",21,18.0788016156752,10.539657244917,14.5185909296107,20,0.016932586474224,-0.00419320343845945,"maxd","Nearest Neighbors"
"496",48,18.7674633313829,11.5847424338912,15.7633968191422,20,-0.0434505806516974,-0.00419320343845945,"maxd","Nearest Neighbors"
"497",38,18.7271108127269,11.3459447486301,15.3634710312397,20,-0.016295885025168,-0.00419320343845945,"maxd","Nearest Neighbors"
"498",6,18.2066144589515,10.669717798795,14.8297653191998,20,0.0271594478637365,-0.00419320343845945,"maxd","Nearest Neighbors"
"499",50,18.8689234012004,10.7581285198044,15.8947413766796,20,-0.0486072441821569,-0.00419320343845945,"maxd","Nearest Neighbors"
"500",10,18.382070560172,10.191518484803,15.1386659228855,20,-0.0012713251505173,-0.00419320343845945,"maxd","Nearest Neighbors"
"501",21,18.4476500453957,7.91230999411783,14.7161331190271,20,0.00158671425170681,-0.0138201741659718,"mind","Nearest Neighbors"
"502",29,18.1460064510264,11.2998059455225,14.9564835207768,20,-0.0208844733484006,-0.0138201741659718,"mind","Nearest Neighbors"
"503",12,17.0233022082743,10.6941999003395,14.4560464027117,20,-0.00901590718579709,-0.0138201741659718,"mind","Nearest Neighbors"
"504",7,17.4263271926155,10.899713981295,14.137347258037,20,0.0295227070187199,-0.0138201741659718,"mind","Nearest Neighbors"
"505",50,20.8332712012911,13.5496879634559,17.0906407143456,20,-0.0931880741844552,-0.0138201741659718,"mind","Nearest Neighbors"
"506",26,18.3834917001737,9.6801272938804,15.0274766703997,19,-0.00793479535103167,-0.0138201741659718,"mind","Nearest Neighbors"
"507",5,18.5354107568357,11.2104120572085,15.0005363314151,20,0.00244974278069319,-0.0138201741659718,"mind","Nearest Neighbors"
"508",15,17.6075110136226,9.22702325672519,14.30184706496,20,0.010415433119175,-0.0138201741659718,"mind","Nearest Neighbors"
"509",31,18.8067171427454,10.7583317958484,15.2764218262868,20,-0.0200241177162634,-0.0138201741659718,"mind","Nearest Neighbors"
"510",27,17.6937050735869,11.7223027653371,14.8899059575658,20,0.00439514117423563,-0.0138201741659718,"mind","Nearest Neighbors"
"511",41,19.0852396217818,12.6153756854147,15.8738447426148,20,-0.056650974050155,-0.0138201741659718,"mind","Nearest Neighbors"
"512",4,16.4444384295968,9.69430023364611,13.6472309053811,20,0.0421141641966727,-0.0138201741659718,"mind","Nearest Neighbors"
"513",42,18.6870868343884,12.1410181547794,15.9604527437214,20,-0.0440081076750123,-0.0138201741659718,"mind","Nearest Neighbors"
"514",14,17.1268465998718,11.3404779823651,14.6662653946773,20,-0.00129172047124574,-0.0138201741659718,"mind","Nearest Neighbors"
"515",16,17.5506341734015,7.13473240979121,14.4583701088705,20,0.00635854665581917,-0.0138201741659718,"mind","Nearest Neighbors"
"516",1,16.9912218474412,7.95453629990151,13.9307478795957,20,0.0417240658787644,-0.0138201741659718,"mind","Nearest Neighbors"
"517",38,19.0879787894857,11.2392960213928,15.5584380165821,20,-0.0447430127850922,-0.0138201741659718,"mind","Nearest Neighbors"
"518",49,20.7481326931108,13.2492223588856,16.7775741309543,20,-0.0791068114914473,-0.0138201741659718,"mind","Nearest Neighbors"
"519",44,19.3399305423626,11.6395728063313,15.6210280694333,20,-0.0157110125738441,-0.0138201741659718,"mind","Nearest Neighbors"
"520",28,17.9804963276662,11.577858133066,15.0838976213337,20,-0.0244472864631616,-0.0138201741659718,"mind","Nearest Neighbors"
"521",17,17.0959999713228,10.1331504065389,14.4265954450623,20,-0.00113897679698333,-0.0138201741659718,"mind","Nearest Neighbors"
"522",9,17.1717656490554,10.0552339247873,14.0964053731696,20,0.0332700740113324,-0.0138201741659718,"mind","Nearest Neighbors"
"523",25,17.6437598493818,10.994617395134,14.7664703457646,20,0.00635542949394057,-0.0138201741659718,"mind","Nearest Neighbors"
"524",6,16.7796412880781,10.3835254167017,13.8070173864587,20,0.0390037059731203,-0.0138201741659718,"mind","Nearest Neighbors"
"525",11,17.5935785685548,10.8170268125236,14.4947279760102,20,0.00501551175704607,-0.0138201741659718,"mind","Nearest Neighbors"
"526",8,17.5567623185059,10.8251415177598,13.9642597504396,20,0.0272076716908973,-0.0138201741659718,"mind","Nearest Neighbors"
"527",33,18.4182147406479,11.3870716191673,15.232054564188,20,-0.00803778575388099,-0.0138201741659718,"mind","Nearest Neighbors"
"528",20,18.2170727469466,10.5651824636137,14.8520432510728,20,0.00124528302767878,-0.0138201741659718,"mind","Nearest Neighbors"
"529",22,18.1764251807157,11.0670441770256,14.7505463080226,20,-0.00706470355275477,-0.0138201741659718,"mind","Nearest Neighbors"
"530",13,17.6316783032789,11.3742908333706,14.7332185136078,20,-0.0127325912110484,-0.0138201741659718,"mind","Nearest Neighbors"
"531",23,18.5572903183459,12.2838297757556,15.3935925053213,20,-0.0248465102236257,-0.0138201741659718,"mind","Nearest Neighbors"
"532",43,19.1934033326373,10.3718558332621,15.8867211853574,20,-0.0509125983675393,-0.0138201741659718,"mind","Nearest Neighbors"
"533",32,18.4620883299224,10.7585328144156,15.1508931765865,20,-0.0380172257901519,-0.0138201741659718,"mind","Nearest Neighbors"
"534",36,19.1600865292715,12.6446384629907,15.4796921892818,20,-0.0205480847859507,-0.0138201741659718,"mind","Nearest Neighbors"
"535",46,19.2363736163619,11.2501270865552,16.2146777098748,20,-0.0547286455063131,-0.0138201741659718,"mind","Nearest Neighbors"
"536",24,17.9456179800322,11.5142895575271,14.8421482927905,20,-0.000582610124585372,-0.0138201741659718,"mind","Nearest Neighbors"
"537",40,18.5869658485292,11.1882299932666,15.4300273411857,20,-0.0221543094996815,-0.0138201741659718,"mind","Nearest Neighbors"
"538",39,18.5072367271558,12.0786256608326,15.3352029669179,20,-0.0265813141922469,-0.0138201741659718,"mind","Nearest Neighbors"
"539",30,18.2225547760739,11.117337693824,15.0636773012897,20,-0.0102077880463,-0.0138201741659718,"mind","Nearest Neighbors"
"540",45,18.8064554118826,11.3597270678043,15.7903012092083,20,-0.0390575112418986,-0.0138201741659718,"mind","Nearest Neighbors"
"541",2,17.5262344033503,10.6293431343286,14.5623995487139,20,-0.00231868171928698,-0.0138201741659718,"mind","Nearest Neighbors"
"542",47,19.6175390972211,13.4522128471824,16.7161702761182,20,-0.0784095538382485,-0.0138201741659718,"mind","Nearest Neighbors"
"543",48,19.6132493453975,12.6632881657329,16.3167521740856,20,-0.0653657120792388,-0.0138201741659718,"mind","Nearest Neighbors"
"544",19,17.7301711049266,11.379588503653,14.5867058293855,20,0.0182602245192518,-0.0138201741659718,"mind","Nearest Neighbors"
"545",18,18.3324886672153,10.669717798795,14.8349202473746,20,0.0020949784840959,-0.0138201741659718,"mind","Nearest Neighbors"
"546",3,17.35970484584,10.9346016721396,14.7607472815968,20,-0.0106316277295254,-0.0138201741659718,"mind","Nearest Neighbors"
"547",10,17.1186768307432,11.1104399734348,14.0159188633757,20,0.0212727212185941,-0.0138201741659718,"mind","Nearest Neighbors"
"548",35,18.5614007743486,11.5583575350152,15.3565137517022,20,-0.0190281353556618,-0.0138201741659718,"mind","Nearest Neighbors"
"549",34,18.3511074514543,11.9002520035958,15.4698268879548,20,-0.0287936909342036,-0.0138201741659718,"mind","Nearest Neighbors"
"550",37,19.4253049913298,11.9213221670009,15.6820026322317,20,-0.0448422045645534,-0.0138201741659718,"mind","Nearest Neighbors"
