"lab","max.dist","min.dist","mean.dist","size","mean.cl.sil","mean.sil","method","strategy"
4,0.838800403288849,0.39893674543102,0.620657176986751,20,0.141113760514529,0.00840722951954079,"average","Hierarchical partition"
7,0.867592351860429,0.510100446970725,0.690816660408099,19,0.0404002955302834,0.00840722951954079,"average","Hierarchical partition"
20,0.897995071102754,0.510028608426112,0.723427771434404,19,-0.00849253025405294,0.00840722951954079,"average","Hierarchical partition"
33,0.924247892758263,0.573343061141505,0.718092829041751,19,0.0242445306261397,0.00840722951954079,"average","Hierarchical partition"
41,0.907195665725567,0.568178366049864,0.760979717169442,20,-0.0135206485030761,0.00840722951954079,"average","Hierarchical partition"
18,0.913988568848192,0.548825647585861,0.712633441973054,20,0.0211477049726893,0.00840722951954079,"average","Hierarchical partition"
3,0.814537925424235,0.517176458960227,0.640014478025207,20,0.113866578902606,0.00840722951954079,"average","Hierarchical partition"
8,0.836970974193318,0.503543106131958,0.679183267976153,20,0.0617519312444324,0.00840722951954079,"average","Hierarchical partition"
5,0.824685686696727,0.389477685432113,0.630800321686124,19,0.0899281163879425,0.00840722951954079,"average","Hierarchical partition"
17,0.884013260617247,0.507622935686084,0.698878176966884,19,0.0418825952819163,0.00840722951954079,"average","Hierarchical partition"
15,0.918975373938104,0.543209661699912,0.718124548833871,19,0.0248363498049813,0.00840722951954079,"average","Hierarchical partition"
36,0.903888564446698,0.580755839371637,0.742321379508016,20,-0.0156385195009422,0.00840722951954079,"average","Hierarchical partition"
9,0.901967810684097,0.551234403705369,0.706537869097296,20,0.0373467222867771,0.00840722951954079,"average","Hierarchical partition"
32,0.883376854718571,0.574015559311865,0.724893088869306,20,0.0302558558739273,0.00840722951954079,"average","Hierarchical partition"
35,0.926566614518364,0.397078226294686,0.738552187276203,19,-0.014713596408743,0.00840722951954079,"average","Hierarchical partition"
1,0.748991506855425,0.420067304472804,0.557350604772692,20,0.191606999042524,0.00840722951954079,"average","Hierarchical partition"
29,0.939193937689499,0.547095453978829,0.734195044123751,20,0.0040428125283902,0.00840722951954079,"average","Hierarchical partition"
51,1.09941363464869,0.577105965782494,0.860604883687787,20,-0.184577688234589,0.00840722951954079,"average","Hierarchical partition"
14,0.884461209542593,0.519242918603111,0.70906896515827,20,0.0228340365515651,0.00840722951954079,"average","Hierarchical partition"
45,0.979957101181255,0.511654791748833,0.765819528759447,19,-0.0374351397926828,0.00840722951954079,"average","Hierarchical partition"
34,0.928387046525047,0.440265297746055,0.719972462656069,20,-0.0434895503033579,0.00840722951954079,"average","Hierarchical partition"
27,0.871633677977111,0.524428803825048,0.725077351763132,20,0.00236725513887452,0.00840722951954079,"average","Hierarchical partition"
21,0.893710797681049,0.561883844557208,0.718379497845547,20,0.0134554322737579,0.00840722951954079,"average","Hierarchical partition"
26,0.948417895540162,0.552053161797976,0.719172966958122,20,0.0164976276172133,0.00840722951954079,"average","Hierarchical partition"
40,0.916650450214558,0.571729896479699,0.743641658546957,19,-0.0530362378856319,0.00840722951954079,"average","Hierarchical partition"
25,0.894339923440015,0.539670221523136,0.718671200738153,19,0.0130262900070693,0.00840722951954079,"average","Hierarchical partition"
39,0.961455797749058,0.576870495504097,0.747163124943906,20,-0.0253965423535502,0.00840722951954079,"average","Hierarchical partition"
28,0.910361752640584,0.575431041008064,0.730500461612711,19,0.0114350987444053,0.00840722951954079,"average","Hierarchical partition"
19,0.854884326229424,0.50156137689621,0.70837833411759,20,0.012933841465796,0.00840722951954079,"average","Hierarchical partition"
38,0.961884426222541,0.591561348406336,0.774068377665946,19,-0.0451792944931939,0.00840722951954079,"average","Hierarchical partition"
23,0.90300013190236,0.506721797686485,0.706218577600129,20,0.0482995428856076,0.00840722951954079,"average","Hierarchical partition"
30,0.904246537229021,0.549687785170541,0.726664324993293,19,0.0148306724816967,0.00840722951954079,"average","Hierarchical partition"
43,0.941217685745858,0.57022409507072,0.766749049162131,19,-0.0672720853632105,0.00840722951954079,"average","Hierarchical partition"
47,0.966777099556566,0.565133346951924,0.784623835339666,20,-0.0502342436547557,0.00840722951954079,"average","Hierarchical partition"
6,0.865222699489597,0.537189517088907,0.689343679913486,20,0.0497433409399778,0.00840722951954079,"average","Hierarchical partition"
46,1.06398755790283,0.493319899715783,0.751760959457762,20,-0.0223155613055985,0.00840722951954079,"average","Hierarchical partition"
42,0.979808115575999,0.582440672204671,0.766627429994261,20,-0.0357497939692049,0.00840722951954079,"average","Hierarchical partition"
24,0.887384331246237,0.5759658362841,0.723193065586836,20,0.0123833344372079,0.00840722951954079,"average","Hierarchical partition"
49,0.994649101077317,0.561541269200154,0.790257841977081,20,-0.0692547402677318,0.00840722951954079,"average","Hierarchical partition"
16,0.886431656450698,0.544096778462034,0.720919411536701,20,-0.0090698992174057,0.00840722951954079,"average","Hierarchical partition"
12,0.857059295355438,0.538048790787825,0.694669555122267,19,0.0223329212095549,0.00840722951954079,"average","Hierarchical partition"
31,0.891909481379625,0.519935923782825,0.718591294221865,20,0.0270463235048717,0.00840722951954079,"average","Hierarchical partition"
37,0.911860915340702,0.527914022469866,0.738922636626216,20,-0.0164265806489352,0.00840722951954079,"average","Hierarchical partition"
22,0.872518510970287,0.48951960896168,0.717621003039718,19,0.00394690428805167,0.00840722951954079,"average","Hierarchical partition"
13,0.860629793860308,0.535156678814502,0.707123557788851,20,0.025266748173131,0.00840722951954079,"average","Hierarchical partition"
2,0.733055348517226,0.420630218769536,0.594131013394891,19,0.195855537927239,0.00840722951954079,"average","Hierarchical partition"
11,0.894619401066398,0.534482754931968,0.713351756007774,20,0.00900743909289016,0.00840722951954079,"average","Hierarchical partition"
44,0.98351291290256,0.591610552861679,0.772321013068451,20,-0.0435793874873493,0.00840722951954079,"average","Hierarchical partition"
50,1.05448905057333,0.541454055823332,0.831775787396735,20,-0.130674018668432,0.00840722951954079,"average","Hierarchical partition"
10,0.909504685516772,0.512619303420328,0.690386805031214,19,0.047129462242794,0.00840722951954079,"average","Hierarchical partition"
48,0.948549470132151,0.620592172774755,0.789740585219038,19,-0.0513601807333205,0.00840722951954079,"average","Hierarchical partition"
3,0.83519007907469,0.39893674543102,0.644765489716926,20,0.106686459641625,-0.00134333115942494,"complete","Hierarchical partition"
28,0.870805834312095,0.534482754931968,0.727570982676554,19,-0.0147132633043716,-0.00134333115942494,"complete","Hierarchical partition"
4,0.815726836504773,0.517176458960227,0.663111855456893,20,0.0932598422325742,-0.00134333115942494,"complete","Hierarchical partition"
29,0.889276616814821,0.549450632332946,0.737806939373888,20,0.0049778158281562,-0.00134333115942494,"complete","Hierarchical partition"
13,0.88085529580169,0.52677000247258,0.735245969874776,20,-0.0113413469144442,-0.00134333115942494,"complete","Hierarchical partition"
7,0.85437042873747,0.48951960896168,0.717361753256361,19,0.0190206314739042,-0.00134333115942494,"complete","Hierarchical partition"
41,0.887048371933444,0.563322196818661,0.730897765475293,20,-0.00966197084663739,-0.00134333115942494,"complete","Hierarchical partition"
21,0.850005654970604,0.510028608426112,0.723354100573037,20,0.0047027489452506,-0.00134333115942494,"complete","Hierarchical partition"
39,0.938370828821323,0.574015559311865,0.768370296094151,20,-0.0408317062384776,-0.00134333115942494,"complete","Hierarchical partition"
11,0.867332986732166,0.503583468884139,0.705405324566508,20,0.0318923251763586,-0.00134333115942494,"complete","Hierarchical partition"
27,0.866169353529138,0.389477685432113,0.660572084174305,20,0.0406366861365808,-0.00134333115942494,"complete","Hierarchical partition"
9,0.860300495918371,0.507622935686084,0.718686495880435,20,0.00187544021590483,-0.00134333115942494,"complete","Hierarchical partition"
42,0.9403548697231,0.539447116690956,0.78065455866726,20,-0.0469211542457453,-0.00134333115942494,"complete","Hierarchical partition"
36,0.912044415024934,0.549216760247792,0.754922452382953,20,-0.0211612319499935,-0.00134333115942494,"complete","Hierarchical partition"
31,0.895825544688953,0.46941120089444,0.740025178676053,20,0.00914772371426708,-0.00134333115942494,"complete","Hierarchical partition"
5,0.847695034156352,0.548825647585861,0.707037456691267,19,0.0183811561941609,-0.00134333115942494,"complete","Hierarchical partition"
15,0.874479429528657,0.397078226294686,0.738745575470093,19,-0.0180833950202078,-0.00134333115942494,"complete","Hierarchical partition"
18,0.881259899498289,0.5759658362841,0.736100586377797,20,0.00173287967331512,-0.00134333115942494,"complete","Hierarchical partition"
2,0.815117126293125,0.424360769120634,0.621119239732553,19,0.0982635436987774,-0.00134333115942494,"complete","Hierarchical partition"
17,0.86037405307543,0.535156678814502,0.705276220770313,19,0.0334260311807783,-0.00134333115942494,"complete","Hierarchical partition"
38,0.905882584723611,0.572122628344266,0.737200543384386,19,0.0146337193784671,-0.00134333115942494,"complete","Hierarchical partition"
10,0.839509145599234,0.551234403705369,0.698595398029316,19,0.0528746709686651,-0.00134333115942494,"complete","Hierarchical partition"
16,0.870684042190796,0.538048790787825,0.720123849899038,20,0.00163231275123303,-0.00134333115942494,"complete","Hierarchical partition"
26,0.877764550513415,0.524428803825048,0.733802072972876,20,-0.00856587400922772,-0.00134333115942494,"complete","Hierarchical partition"
48,0.959764874739396,0.493319899715783,0.774036037009803,19,-0.0645950572838989,-0.00134333115942494,"complete","Hierarchical partition"
30,0.887052088849177,0.519935923782825,0.724266800117915,19,0.0179464429813214,-0.00134333115942494,"complete","Hierarchical partition"
34,0.91995407866963,0.570357561305951,0.742157371396357,20,-0.0168693866524781,-0.00134333115942494,"complete","Hierarchical partition"
44,0.957596914283415,0.561883844557208,0.786210250683331,20,-0.0426374290056343,-0.00134333115942494,"complete","Hierarchical partition"
25,0.883075822211197,0.55535587844274,0.759039073331337,19,-0.0287671409014338,-0.00134333115942494,"complete","Hierarchical partition"
32,0.904472808432729,0.572860126507542,0.76078939557514,20,-0.0452839395399145,-0.00134333115942494,"complete","Hierarchical partition"
12,0.856748573900757,0.545872091768826,0.726990423052269,19,0.00630918620929631,-0.00134333115942494,"complete","Hierarchical partition"
6,0.849036314747284,0.457423041713612,0.694760855702425,20,0.0388088313865971,-0.00134333115942494,"complete","Hierarchical partition"
43,0.947464216043098,0.575431041008064,0.79111871682121,19,-0.064064975134084,-0.00134333115942494,"complete","Hierarchical partition"
20,0.832211613344763,0.50156137689621,0.688537173094844,19,0.0360288007282355,-0.00134333115942494,"complete","Hierarchical partition"
8,0.854966952100642,0.511672291696579,0.698386484050124,20,0.0311281312727803,-0.00134333115942494,"complete","Hierarchical partition"
37,0.915440733429418,0.511654791748833,0.754954869152332,20,-0.0297477142844766,-0.00134333115942494,"complete","Hierarchical partition"
14,0.860678353225151,0.544252502149152,0.722146097705872,20,0.0198848522582608,-0.00134333115942494,"complete","Hierarchical partition"
45,0.940058049940375,0.554411468585426,0.764043807308895,19,-0.0322170056681711,-0.00134333115942494,"complete","Hierarchical partition"
23,0.864340337595821,0.506721797686485,0.717633445040498,20,0.0303450401279666,-0.00134333115942494,"complete","Hierarchical partition"
22,0.861002305968711,0.539670221523136,0.723584020761672,19,0.0174826906790559,-0.00134333115942494,"complete","Hierarchical partition"
19,0.841444089909542,0.503543106131958,0.725523997102468,20,0.0120222184615206,-0.00134333115942494,"complete","Hierarchical partition"
46,0.959675549814459,0.518373731747586,0.744195651002114,20,-0.0448501987389331,-0.00134333115942494,"complete","Hierarchical partition"
50,0.98877246405791,0.427493133668746,0.80545141831845,20,-0.160523115916406,-0.00134333115942494,"complete","Hierarchical partition"
24,0.885978071628652,0.543209661699912,0.735735805845698,20,0.00264517294359317,-0.00134333115942494,"complete","Hierarchical partition"
35,0.896345746916696,0.547095453978829,0.741790559182782,19,-0.0209195348185439,-0.00134333115942494,"complete","Hierarchical partition"
1,0.731538898352287,0.420630218769536,0.61045309861329,20,0.14759010057054,-0.00134333115942494,"complete","Hierarchical partition"
47,0.929792624141398,0.523387351997828,0.756084051790896,20,-0.0470911514216997,-0.00134333115942494,"complete","Hierarchical partition"
33,0.874743724672062,0.55726128565284,0.716494526310935,19,0.0225511399781967,-0.00134333115942494,"complete","Hierarchical partition"
40,0.871878393579571,0.549063379678341,0.74838621286349,19,-0.0127577942595992,-0.00134333115942494,"complete","Hierarchical partition"
49,0.931813141106112,0.555006049398353,0.747859295590343,20,-0.0144718016146845,-0.00134333115942494,"complete","Hierarchical partition"
51,1.10042783160092,0.558554367872375,0.859931000150358,20,-0.18300413921351,-0.00134333115942494,"complete","Hierarchical partition"
2,0.838806377555896,0.415317277259264,0.628048387873006,19,0.129086990980183,0.0147022769400228,"ward.D","Hierarchical partition"
13,0.887982000276924,0.537440345315514,0.706761037763143,20,0.0146821807547837,0.0147022769400228,"ward.D","Hierarchical partition"
32,0.96260770596342,0.519838819883328,0.727278555757947,20,-0.0213188349746489,0.0147022769400228,"ward.D","Hierarchical partition"
26,0.918929691657611,0.553015609172251,0.726775029073128,20,0.00989217683478801,0.0147022769400228,"ward.D","Hierarchical partition"
30,0.896879546383697,0.510100446970725,0.701503158779497,19,0.0273758710071509,0.0147022769400228,"ward.D","Hierarchical partition"
20,0.893010531687747,0.565133346951924,0.738856518667525,19,-0.0135907889347642,0.0147022769400228,"ward.D","Hierarchical partition"
14,0.895832593444994,0.510028608426112,0.705906823969993,20,0.0404810878419652,0.0147022769400228,"ward.D","Hierarchical partition"
19,0.912684914456167,0.50156137689621,0.714118318213552,20,0.0212994278731376,0.0147022769400228,"ward.D","Hierarchical partition"
3,0.815066985794133,0.517176458960227,0.648205067458122,20,0.0996147735610645,0.0147022769400228,"ward.D","Hierarchical partition"
47,0.903337911571136,0.519912258926079,0.711427412212451,20,0.0528074270033249,0.0147022769400228,"ward.D","Hierarchical partition"
6,0.842567557698727,0.389477685432113,0.640165541629835,20,0.0875294316345974,0.0147022769400228,"ward.D","Hierarchical partition"
41,0.91460586059,0.541200076223647,0.748437297865142,20,-0.0277301758116466,0.0147022769400228,"ward.D","Hierarchical partition"
33,0.864167241520421,0.561724543042824,0.727973820236097,19,0.00636396362377967,0.0147022769400228,"ward.D","Hierarchical partition"
25,0.930571696929504,0.503543106131958,0.703263639076639,19,0.0460940853587164,0.0147022769400228,"ward.D","Hierarchical partition"
16,0.902565770914571,0.541461086963424,0.704860025030481,20,0.0367728539062297,0.0147022769400228,"ward.D","Hierarchical partition"
17,0.966169946440192,0.574015559311865,0.735907288425855,19,0.0077574160173596,0.0147022769400228,"ward.D","Hierarchical partition"
12,0.910841989418709,0.397078226294686,0.737198817146377,19,-0.0162502039458448,0.0147022769400228,"ward.D","Hierarchical partition"
18,0.887882899657417,0.572249705117716,0.743673982995322,20,-0.00114451453019265,0.0147022769400228,"ward.D","Hierarchical partition"
1,0.719787468071963,0.424360769120634,0.568368636999682,20,0.20114845565595,0.0147022769400228,"ward.D","Hierarchical partition"
46,0.913033471995482,0.548825647585861,0.736701832136323,20,-0.0147714438912582,0.0147022769400228,"ward.D","Hierarchical partition"
35,0.939193937689499,0.549450632332946,0.747900181608645,19,0.000198841333529076,0.0147022769400228,"ward.D","Hierarchical partition"
22,0.984712081795199,0.534482754931968,0.729459533706683,19,0.0128211819818812,0.0147022769400228,"ward.D","Hierarchical partition"
48,1.0884414036221,0.519242918603111,0.784077539373644,19,-0.0518615149779249,0.0147022769400228,"ward.D","Hierarchical partition"
10,0.895134001998059,0.551430053668973,0.727973262715148,19,-0.00405364539892453,0.0147022769400228,"ward.D","Hierarchical partition"
23,0.907792490668416,0.524428803825048,0.727895645655233,20,0.0138493712564503,0.0147022769400228,"ward.D","Hierarchical partition"
5,0.889459781146843,0.561883844557208,0.714508396311794,19,0.0289704232685159,0.0147022769400228,"ward.D","Hierarchical partition"
39,0.886398601560706,0.546455379964596,0.735530607297969,20,-0.0106115306205036,0.0147022769400228,"ward.D","Hierarchical partition"
9,0.889557508791066,0.48951960896168,0.715428233017349,20,0.0316283919851536,0.0147022769400228,"ward.D","Hierarchical partition"
38,0.89436474426926,0.457423041713612,0.706542020544818,19,0.0182373829633163,0.0147022769400228,"ward.D","Hierarchical partition"
15,0.892589939747656,0.535011372955309,0.712982825592357,19,0.0368101319034596,0.0147022769400228,"ward.D","Hierarchical partition"
24,0.904426306365604,0.507622935686084,0.722834249685723,20,0.0201742944013988,0.0147022769400228,"ward.D","Hierarchical partition"
37,0.93035341859105,0.539447116690956,0.72491239542013,20,0.0237356608767964,0.0147022769400228,"ward.D","Hierarchical partition"
44,0.908569710921726,0.554411468585426,0.752467038943036,20,-0.02416652487369,0.0147022769400228,"ward.D","Hierarchical partition"
43,0.926507236338042,0.506721797686485,0.72675236638278,19,0.0223727851883063,0.0147022769400228,"ward.D","Hierarchical partition"
8,0.901729763040069,0.577096576003538,0.741831712185156,20,-0.00109301271863436,0.0147022769400228,"ward.D","Hierarchical partition"
40,0.872035790945604,0.541815047253023,0.727730626213242,19,-0.0109920533533431,0.0147022769400228,"ward.D","Hierarchical partition"
51,0.996436252997311,0.493319899715783,0.745322296372952,20,0.0242640544953967,0.0147022769400228,"ward.D","Hierarchical partition"
21,0.871188954158928,0.539670221523136,0.733258875108055,20,0.0100219357405952,0.0147022769400228,"ward.D","Hierarchical partition"
28,0.943490599929767,0.537601509438853,0.724033949045419,19,0.00490424088217157,0.0147022769400228,"ward.D","Hierarchical partition"
27,0.920622648014753,0.552053161797976,0.742431063361007,20,-0.0108262319388857,0.0147022769400228,"ward.D","Hierarchical partition"
34,0.891859497017813,0.519935923782825,0.723265622020907,20,0.0265510264002143,0.0147022769400228,"ward.D","Hierarchical partition"
7,0.8944249362338,0.547095453978829,0.717624058790752,19,0.0360483473512099,0.0147022769400228,"ward.D","Hierarchical partition"
4,0.86881206925874,0.420630218769536,0.63518082134036,20,0.0933423254988932,0.0147022769400228,"ward.D","Hierarchical partition"
11,0.881998209223886,0.511654791748833,0.706101763913295,20,0.0223478335685186,0.0147022769400228,"ward.D","Hierarchical partition"
45,0.907508179808117,0.512619303420328,0.739473706240951,19,-0.00515181161067668,0.0147022769400228,"ward.D","Hierarchical partition"
42,0.931239637684272,0.523808957301461,0.714107466410402,20,-0.0171348639761952,0.0147022769400228,"ward.D","Hierarchical partition"
31,0.964654517092271,0.525944272697233,0.732823263971956,20,-0.00155920628888594,0.0147022769400228,"ward.D","Hierarchical partition"
36,0.975923871954676,0.575431041008064,0.754322850043298,20,-0.0248739160682417,0.0147022769400228,"ward.D","Hierarchical partition"
49,1.00177949336611,0.440265297746055,0.794367642169589,20,-0.154317059072023,0.0147022769400228,"ward.D","Hierarchical partition"
50,0.997122870452866,0.453375055941408,0.718481159249117,20,-0.0626257294776876,0.0147022769400228,"ward.D","Hierarchical partition"
29,0.90803614160141,0.543209661699912,0.716410153172068,20,0.0164947343451798,0.0147022769400228,"ward.D","Hierarchical partition"
6,0.853578172644097,0.39893674543102,0.631041376420237,20,0.132156509837327,-0.0202939739526901,"single","Hierarchical partition"
26,0.955827487829118,0.570763977208836,0.755706087215707,20,-0.0366754217704098,-0.0202939739526901,"single","Hierarchical partition"
34,1.01076087851959,0.575699734937632,0.802248721882993,20,-0.0780259178015778,-0.0202939739526901,"single","Hierarchical partition"
9,0.880535657845759,0.503543106131958,0.687919189385205,20,0.0616380173059262,-0.0202939739526901,"single","Hierarchical partition"
7,0.834158046179289,0.510100446970725,0.679285542963695,19,0.0503552809379117,-0.0202939739526901,"single","Hierarchical partition"
49,1.06242284752898,0.632280414599559,0.85100637969728,20,-0.114313798356775,-0.0202939739526901,"single","Hierarchical partition"
5,0.91148000647477,0.48951960896168,0.699242620167728,19,0.00908776731166036,-0.0202939739526901,"single","Hierarchical partition"
8,0.969457301300887,0.493319899715783,0.741950694031464,20,-0.0542688650050157,-0.0202939739526901,"single","Hierarchical partition"
22,0.905634746690501,0.573971651997737,0.724910797742177,19,0.00995735696851277,-0.0202939739526901,"single","Hierarchical partition"
45,0.99154958404291,0.568833692337565,0.80837534388908,19,-0.0940889555336049,-0.0202939739526901,"single","Hierarchical partition"
18,0.929750543339526,0.535011372955309,0.738339997660136,20,-0.029441993561564,-0.0202939739526901,"single","Hierarchical partition"
4,0.806355388533235,0.389477685432113,0.614937959585164,20,0.102401061901777,-0.0202939739526901,"single","Hierarchical partition"
21,0.955842275969279,0.566413816445102,0.771902881671876,20,-0.0573774770133163,-0.0202939739526901,"single","Hierarchical partition"
14,0.927382378625491,0.457423041713612,0.729611349877626,20,-0.00358120494174885,-0.0202939739526901,"single","Hierarchical partition"
39,0.958789444231195,0.578409988698832,0.769233024548853,20,-0.0333114416595557,-0.0202939739526901,"single","Hierarchical partition"
20,0.975995237134555,0.397078226294686,0.751822722927982,19,-0.0229056529420579,-0.0202939739526901,"single","Hierarchical partition"
13,0.913139461506399,0.551234403705369,0.705888731917597,20,0.0339331390894789,-0.0202939739526901,"single","Hierarchical partition"
1,0.706147200112001,0.420067304472804,0.556913872809701,20,0.180939399704939,-0.0202939739526901,"single","Hierarchical partition"
30,0.982840845475987,0.54349621481563,0.750107441874756,19,-0.00862526567844604,-0.0202939739526901,"single","Hierarchical partition"
11,0.937941610071488,0.512619303420328,0.731088172380486,20,-0.00428541888560538,-0.0202939739526901,"single","Hierarchical partition"
32,0.966917666696938,0.561883844557208,0.770962293504519,20,-0.0450993015554701,-0.0202939739526901,"single","Hierarchical partition"
36,0.959469721583762,0.59647149874852,0.77344457301465,20,-0.0616747772521039,-0.0202939739526901,"single","Hierarchical partition"
44,1.00927159092477,0.618184359142638,0.832277834063565,20,-0.110295231576308,-0.0202939739526901,"single","Hierarchical partition"
43,0.928387046525047,0.551430053668973,0.748899525352837,19,-0.0622776895732391,-0.0202939739526901,"single","Hierarchical partition"
33,0.973863725585,0.590948477230264,0.768665506228786,19,-0.0445476649340307,-0.0202939739526901,"single","Hierarchical partition"
19,0.9093459724725,0.543209661699912,0.724777200035393,20,0.0109487011209629,-0.0202939739526901,"single","Hierarchical partition"
16,0.938154330544491,0.519242918603111,0.735410738723699,20,-0.00265937546282521,-0.0202939739526901,"single","Hierarchical partition"
37,0.999479302473415,0.534482754931968,0.800206741026163,20,-0.0843556961502386,-0.0202939739526901,"single","Hierarchical partition"
23,0.927999095513894,0.541815047253023,0.725952175378499,20,0.00172571738681069,-0.0202939739526901,"single","Hierarchical partition"
12,0.927787485602041,0.511672291696579,0.718293525373485,19,-0.012094277463131,-0.0202939739526901,"single","Hierarchical partition"
15,0.935961248479156,0.519935923782825,0.715070733361479,19,0.00705544982816141,-0.0202939739526901,"single","Hierarchical partition"
3,0.812678315067009,0.510028608426112,0.65910840970654,20,0.0986840982980384,-0.0202939739526901,"single","Hierarchical partition"
35,0.987189445189349,0.593549855642867,0.780377162704423,19,-0.0313434828080845,-0.0202939739526901,"single","Hierarchical partition"
29,0.972313849764317,0.56263474484087,0.791228237565935,20,-0.0648372602381735,-0.0202939739526901,"single","Hierarchical partition"
10,0.939656832934718,0.544487180989943,0.720850694448593,19,0.0127975836182926,-0.0202939739526901,"single","Hierarchical partition"
25,1.01794616261649,0.566194454952907,0.788654308411292,19,-0.0646421679037139,-0.0202939739526901,"single","Hierarchical partition"
41,0.94865018574655,0.596786776081107,0.770879177439755,20,-0.0258791014319623,-0.0202939739526901,"single","Hierarchical partition"
51,1.13099114593239,0.641219997376597,0.90918013734335,20,-0.198734952792244,-0.0202939739526901,"single","Hierarchical partition"
24,0.979440765589327,0.547095453978829,0.74623262374932,20,-0.00884636303715733,-0.0202939739526901,"single","Hierarchical partition"
27,0.933956944930255,0.568233057284653,0.734112306483239,20,0.00820515281891875,-0.0202939739526901,"single","Hierarchical partition"
48,0.981341611779324,0.563322196818661,0.807001132981524,19,-0.0948243419589509,-0.0202939739526901,"single","Hierarchical partition"
38,0.970123354507285,0.586728448194638,0.757644571904622,19,-0.0173788690811583,-0.0202939739526901,"single","Hierarchical partition"
47,1.15332818800766,0.581923253062471,0.881469167506494,20,-0.193830742164616,-0.0202939739526901,"single","Hierarchical partition"
2,0.747996759078999,0.420630218769536,0.593713652781231,19,0.208791704420909,-0.0202939739526901,"single","Hierarchical partition"
28,0.920928174777614,0.547396688537659,0.750093749522207,19,-0.0129751886362245,-0.0202939739526901,"single","Hierarchical partition"
17,0.934630151630543,0.511654791748833,0.720917133621294,19,-0.0016233857994161,-0.0202939739526901,"single","Hierarchical partition"
46,0.958250174579112,0.585794037837267,0.786392718418824,20,-0.053875708546557,-0.0202939739526901,"single","Hierarchical partition"
40,1.02312669546654,0.477997271527047,0.803551805509943,19,-0.0747335943126416,-0.0202939739526901,"single","Hierarchical partition"
50,1.11934967726443,0.623834958517584,0.825295479088281,20,-0.100327440540197,-0.0202939739526901,"single","Hierarchical partition"
31,0.910421239885455,0.576451377356325,0.750874007106675,20,-0.00230226089985784,-0.0202939739526901,"single","Hierarchical partition"
42,1.02102414951898,0.545872091768826,0.783504742981469,20,-0.0505308192907511,-0.0202939739526901,"single","Hierarchical partition"
10,0.931508656111736,0.468805556220224,0.750578619150441,20,-0.0152198873219519,-0.0327082580171521,"random","Kmeans partition"
28,0.954761371040264,0.519935923782825,0.771527097691616,20,-0.0378321522475421,-0.0327082580171521,"random","Kmeans partition"
20,0.948607717696119,0.573158625288119,0.77920219371123,20,-0.0226260661759792,-0.0327082580171521,"random","Kmeans partition"
14,1.05230865135072,0.573343061141505,0.804985947412407,20,-0.0640343471965994,-0.0327082580171521,"random","Kmeans partition"
46,0.958734527321654,0.492013034359878,0.759477903178699,20,-0.0198714214310817,-0.0327082580171521,"random","Kmeans partition"
48,0.950752812629595,0.579321760030793,0.79149022434208,20,-0.0407814332656466,-0.0327082580171521,"random","Kmeans partition"
47,0.957984705845248,0.581641769079255,0.743720874834443,20,0.00194252201218162,-0.0327082580171521,"random","Kmeans partition"
21,0.958313519667218,0.544487180989943,0.778167549190872,20,-0.0436929679172062,-0.0327082580171521,"random","Kmeans partition"
24,0.960676010484529,0.572805286131097,0.769647915745102,20,-0.0229634259700537,-0.0327082580171521,"random","Kmeans partition"
2,0.974773897149693,0.543294058886824,0.796914271183625,20,-0.0436985246284721,-0.0327082580171521,"random","Kmeans partition"
26,0.954627627637069,0.599046277766203,0.791204799773788,20,-0.0291692686564502,-0.0327082580171521,"random","Kmeans partition"
15,0.966823527819762,0.430938094897312,0.777644188995801,20,-0.0127885448874295,-0.0327082580171521,"random","Kmeans partition"
9,0.925083678084979,0.537387546437024,0.783550804534043,20,-0.0453188148388286,-0.0327082580171521,"random","Kmeans partition"
16,1.09425990628966,0.586136660794525,0.857146882763684,16,-0.12814402993759,-0.0327082580171521,"random","Kmeans partition"
19,0.9638572355584,0.563861948013469,0.733911325416142,20,0.0165583054176124,-0.0327082580171521,"random","Kmeans partition"
23,0.93841045944202,0.604310503009903,0.767463858593058,20,-0.0173558633858521,-0.0327082580171521,"random","Kmeans partition"
12,0.904795138510273,0.541461086963424,0.727313030323765,20,0.0365886395248929,-0.0327082580171521,"random","Kmeans partition"
35,0.967858419181455,0.508666505324552,0.786290968905681,20,-0.0339445003957869,-0.0327082580171521,"random","Kmeans partition"
33,1.00448922726561,0.440216121929951,0.782881905142088,20,-0.0284876194739739,-0.0327082580171521,"random","Kmeans partition"
13,1.03003247829647,0.520785685242411,0.808475491343338,20,-0.0502893728374279,-0.0327082580171521,"random","Kmeans partition"
34,0.937389473860581,0.593863204872369,0.760386668555389,20,-0.013227108051994,-0.0327082580171521,"random","Kmeans partition"
7,1.02158649016787,0.53309972437487,0.80652959907201,20,-0.0529047246524713,-0.0327082580171521,"random","Kmeans partition"
43,0.917162068765154,0.586799132940283,0.76513345442903,20,-0.0186177897705155,-0.0327082580171521,"random","Kmeans partition"
41,1.01002015602056,0.602352378491719,0.783628250872855,20,-0.0242144371857158,-0.0327082580171521,"random","Kmeans partition"
49,1.00903692307733,0.552911023563429,0.79972062723846,20,-0.0347422317223271,-0.0327082580171521,"random","Kmeans partition"
17,1.03047905345327,0.525821204918031,0.798133179612041,20,-0.0597953676523921,-0.0327082580171521,"random","Kmeans partition"
11,0.931806409739646,0.634682203452279,0.773637537682896,20,-0.0432864089894861,-0.0327082580171521,"random","Kmeans partition"
44,1.07792128088021,0.56976177396559,0.821972841773791,20,-0.084607500790098,-0.0327082580171521,"random","Kmeans partition"
1,1.02410584932204,0.453375055941408,0.752645665403554,20,-0.00906861232202704,-0.0327082580171521,"random","Kmeans partition"
42,1.12398862501289,0.642535098100318,0.817724444591614,18,-0.0859286534098419,-0.0327082580171521,"random","Kmeans partition"
50,1.01085018637362,0.52377990023615,0.780614191986526,20,-0.0303875680874558,-0.0327082580171521,"random","Kmeans partition"
36,0.990025856459062,0.57022409507072,0.788643399340243,20,-0.0348301684013352,-0.0327082580171521,"random","Kmeans partition"
25,0.94694117865226,0.54349621481563,0.759182900154269,20,-0.0102951808777576,-0.0327082580171521,"random","Kmeans partition"
8,1.0075504531617,0.519242918603111,0.767074357611757,20,-0.0199984382146346,-0.0327082580171521,"random","Kmeans partition"
45,0.994054350439397,0.553752105299371,0.785275895444248,20,-0.0525146076391407,-0.0327082580171521,"random","Kmeans partition"
6,0.961835484647602,0.588722330087978,0.81325384664609,20,-0.0777298708267381,-0.0327082580171521,"random","Kmeans partition"
51,0.958939045372534,0.562963241562862,0.760832349342728,20,-0.00657336127828679,-0.0327082580171521,"random","Kmeans partition"
27,0.980538907665127,0.535156678814502,0.758010691230586,20,-0.00783354135240336,-0.0327082580171521,"random","Kmeans partition"
29,0.953469658259829,0.539045148193917,0.770740650751919,20,-0.0266432642401417,-0.0327082580171521,"random","Kmeans partition"
40,0.946490290413207,0.550241724621415,0.777120029378887,20,-0.0345093794759989,-0.0327082580171521,"random","Kmeans partition"
38,0.967374644368989,0.574335223840632,0.775722434259568,20,-0.0413954604674766,-0.0327082580171521,"random","Kmeans partition"
30,0.950752528910844,0.46941120089444,0.761637502637389,20,-0.00588116938362522,-0.0327082580171521,"random","Kmeans partition"
31,0.999761719587539,0.563100261576003,0.797833583207714,20,-0.0371287816736951,-0.0327082580171521,"random","Kmeans partition"
32,0.973005588239865,0.582440672204671,0.763237665318669,20,-0.010175904321618,-0.0327082580171521,"random","Kmeans partition"
39,0.936557597267463,0.570705552322225,0.76768347909451,20,-0.0095556109486977,-0.0327082580171521,"random","Kmeans partition"
3,1.03437018638058,0.571154293226911,0.798660022604969,20,-0.0582144177835413,-0.0327082580171521,"random","Kmeans partition"
18,0.893101674370435,0.474974720734603,0.749062848681412,20,0.000970836789814625,-0.0327082580171521,"random","Kmeans partition"
37,1.06164963263462,0.508780784980011,0.837333908121654,20,-0.107092047954811,-0.0327082580171521,"random","Kmeans partition"
5,1.01685510989332,0.576451377356325,0.767120305016744,20,-0.00393852648373298,-0.0327082580171521,"random","Kmeans partition"
4,0.998140521915328,0.669713536738641,0.827716783337504,7,-0.0835772774772167,-0.0327082580171521,"random","Kmeans partition"
22,0.989132338195355,0.537012714684541,0.80568859343736,20,-0.0407698671886075,-0.0327082580171521,"random","Kmeans partition"
9,0.926156526475794,0.457423041713612,0.737284140773127,20,-0.00988729353011363,-0.0304570187675646,"maxd","Kmeans partition"
10,1.0608666786203,0.648838059284616,0.837085272321029,20,-0.0901745570364243,-0.0304570187675646,"maxd","Kmeans partition"
48,0.939435123397599,0.517176458960227,0.765703316722644,20,-0.0214171760767089,-0.0304570187675646,"maxd","Kmeans partition"
23,1.00275302095017,0.600216825991671,0.801314730239123,20,-0.0369345142435257,-0.0304570187675646,"maxd","Kmeans partition"
31,0.98265705253107,0.591572415693178,0.753924151881487,20,-0.0176153577688359,-0.0304570187675646,"maxd","Kmeans partition"
22,0.921586067664687,0.593356107136882,0.788027001546137,20,-0.041834970555507,-0.0304570187675646,"maxd","Kmeans partition"
20,0.954869546920708,0.491092813409126,0.73452991932152,18,-0.0108878841306417,-0.0304570187675646,"maxd","Kmeans partition"
5,0.965406927334176,0.523387351997828,0.774708049582689,20,-0.0307809954567599,-0.0304570187675646,"maxd","Kmeans partition"
24,0.95651062063822,0.546455379964596,0.791457444952209,20,-0.0288737987946801,-0.0304570187675646,"maxd","Kmeans partition"
39,0.890490315589713,0.544096778462034,0.743462101262971,20,-0.0219753703745281,-0.0304570187675646,"maxd","Kmeans partition"
42,0.931400282225233,0.551095908471655,0.771504640054243,20,-0.0445615873057391,-0.0304570187675646,"maxd","Kmeans partition"
46,0.963485789375381,0.420630218769536,0.78685374059193,20,-0.0502876036605924,-0.0304570187675646,"maxd","Kmeans partition"
11,0.981697316683874,0.593184828666301,0.778011874233625,20,-0.036603512039871,-0.0304570187675646,"maxd","Kmeans partition"
41,0.991192476511831,0.559994699339497,0.773692957997641,20,-0.0128551766502194,-0.0304570187675646,"maxd","Kmeans partition"
38,1.00751771398896,0.488409450691821,0.820885245987883,20,-0.073869982928018,-0.0304570187675646,"maxd","Kmeans partition"
21,0.924773750041074,0.593578453150992,0.758080637605821,20,-0.0147941687984616,-0.0304570187675646,"maxd","Kmeans partition"
26,0.985284036227718,0.587665508917828,0.777083461901175,20,-0.0335472054168455,-0.0304570187675646,"maxd","Kmeans partition"
37,0.923676573311957,0.429291345640033,0.778502313666378,20,-0.0366485718426849,-0.0304570187675646,"maxd","Kmeans partition"
50,1.03910380662695,0.607780133571593,0.816465704175496,20,-0.0698003540807298,-0.0304570187675646,"maxd","Kmeans partition"
25,0.978170025863431,0.548825647585861,0.785347684779106,20,-0.0343106705967696,-0.0304570187675646,"maxd","Kmeans partition"
28,0.95378140651201,0.5759658362841,0.767609349433346,20,-0.0126609223608509,-0.0304570187675646,"maxd","Kmeans partition"
19,0.958830946750906,0.592926776550739,0.76414533892457,20,-0.0191879853165937,-0.0304570187675646,"maxd","Kmeans partition"
1,0.936685103623442,0.493319899715783,0.752729948201089,20,-0.0191929590121515,-0.0304570187675646,"maxd","Kmeans partition"
33,1.01279328014149,0.580209621783546,0.776858661548075,20,-0.0391384098652976,-0.0304570187675646,"maxd","Kmeans partition"
7,0.940045499466513,0.584126455424495,0.767350723105327,20,-0.0287462362010749,-0.0304570187675646,"maxd","Kmeans partition"
8,0.968304697541479,0.594752411092935,0.781989135848284,20,-0.0305068748727063,-0.0304570187675646,"maxd","Kmeans partition"
18,0.920884524107099,0.557433804985458,0.72350354731531,20,0.0203522462592849,-0.0304570187675646,"maxd","Kmeans partition"
45,0.981887433630789,0.624355753046211,0.78402126811403,20,-0.0334749858163736,-0.0304570187675646,"maxd","Kmeans partition"
44,0.949386814315485,0.517705424154002,0.742326076135142,20,0.0035187196896693,-0.0304570187675646,"maxd","Kmeans partition"
32,0.939529792009521,0.576544389323488,0.782860528639189,20,-0.0297918395261191,-0.0304570187675646,"maxd","Kmeans partition"
14,0.932725730165464,0.587356623959061,0.770857278089439,20,-0.0167487985131455,-0.0304570187675646,"maxd","Kmeans partition"
29,0.93096793008035,0.578183625787177,0.747700487126561,20,-0.00375336444586544,-0.0304570187675646,"maxd","Kmeans partition"
16,1.02139582629749,0.633126729611208,0.791348303404153,20,-0.0554471033757018,-0.0304570187675646,"maxd","Kmeans partition"
51,1.00915842241088,0.539447116690956,0.792642473216476,20,-0.0428909278345908,-0.0304570187675646,"maxd","Kmeans partition"
49,0.919230771445818,0.586581006735155,0.746964427369514,20,-0.00361066176548312,-0.0304570187675646,"maxd","Kmeans partition"
13,1.02072532879322,0.522455578514787,0.819369010127681,20,-0.0717257461966518,-0.0304570187675646,"maxd","Kmeans partition"
35,0.888820307228654,0.578654557071007,0.773564051358336,20,-0.00373410628340796,-0.0304570187675646,"maxd","Kmeans partition"
15,1.06722245299088,0.541200076223647,0.832720896524767,20,-0.0767611683378782,-0.0304570187675646,"maxd","Kmeans partition"
6,0.898652453491694,0.559400865958534,0.762911071438313,20,-0.00782816076085111,-0.0304570187675646,"maxd","Kmeans partition"
36,0.935185455277628,0.451055500469672,0.765580638040411,20,-0.01283358819519,-0.0304570187675646,"maxd","Kmeans partition"
43,0.988795810478132,0.474974720734603,0.788547879620763,20,-0.0454962857392958,-0.0304570187675646,"maxd","Kmeans partition"
12,0.999339744071449,0.389477685432113,0.766859009832243,20,0.0357438314975414,-0.0304570187675646,"maxd","Kmeans partition"
34,0.961666792314101,0.590341040763481,0.782201553896065,20,-0.0381058815792878,-0.0304570187675646,"maxd","Kmeans partition"
3,0.9956189135514,0.528962631019376,0.810080151648891,20,-0.0787395729689569,-0.0304570187675646,"maxd","Kmeans partition"
40,0.962224812400915,0.568349897237199,0.768904271344448,20,-0.00448959968336837,-0.0304570187675646,"maxd","Kmeans partition"
4,0.99338979415166,0.579813315906398,0.779071999756053,20,-0.0240510862666864,-0.0304570187675646,"maxd","Kmeans partition"
27,0.924282442186542,0.56393461366086,0.764816962792479,20,-0.0181363261020242,-0.0304570187675646,"maxd","Kmeans partition"
47,0.743034729573668,0.698341140301295,0.727300415197725,3,0.0262926932554201,-0.0304570187675646,"maxd","Kmeans partition"
17,1.00618981792635,0.535653579843566,0.807812328820499,20,-0.0634742058421725,-0.0304570187675646,"maxd","Kmeans partition"
30,0.914290731397771,0.544176023429721,0.772258428507417,20,-0.0378552585541434,-0.0304570187675646,"maxd","Kmeans partition"
2,0.969902763718233,0.542888554834367,0.788751483540864,20,-0.0529784724609577,-0.0304570187675646,"maxd","Kmeans partition"
26,0.934288519576343,0.584110501960025,0.754307750369628,20,-0.0607858594391084,-0.0396512730205587,"mind","Kmeans partition"
31,0.972924340433588,0.557634915063705,0.753537078924055,20,-0.0161192393387806,-0.0396512730205587,"mind","Kmeans partition"
18,1.0079479427474,0.601438413514057,0.815275827918596,20,-0.0550354601399589,-0.0396512730205587,"mind","Kmeans partition"
17,0.975880791021254,0.523808957301461,0.757444531613951,20,-0.0128969769522036,-0.0396512730205587,"mind","Kmeans partition"
27,0.916218674356045,0.578131531965049,0.765752563543843,20,-0.0329690297714111,-0.0396512730205587,"mind","Kmeans partition"
12,1.04795166834405,0.671798407218037,0.867502621033504,15,-0.105043649725007,-0.0396512730205587,"mind","Kmeans partition"
2,1.01338466430516,0.552015298247386,0.745417530588093,20,-0.0102247716456203,-0.0396512730205587,"mind","Kmeans partition"
38,0.99407521871902,0.627671414967708,0.788901459441512,20,-0.0333863197051738,-0.0396512730205587,"mind","Kmeans partition"
15,1.05902109705746,0.481964959141499,0.803812507212712,20,-0.0523730203966137,-0.0396512730205587,"mind","Kmeans partition"
22,0.958338134628754,0.539815002209601,0.772461090980599,20,-0.037126008109456,-0.0396512730205587,"mind","Kmeans partition"
16,1.01395051830021,0.631500682954095,0.832437400898351,20,-0.0678573954842086,-0.0396512730205587,"mind","Kmeans partition"
19,0.972251942938853,0.613773881823373,0.774951505925317,20,-0.0344061685853952,-0.0396512730205587,"mind","Kmeans partition"
48,0.980476230395145,0.546455379964596,0.775401679143316,20,-0.0330807808324534,-0.0396512730205587,"mind","Kmeans partition"
11,0.980571724619471,0.603276307362359,0.804016595109597,20,-0.0543357834320627,-0.0396512730205587,"mind","Kmeans partition"
7,0.972790500994248,0.607080563756373,0.767762792426243,20,-0.00937792915304732,-0.0396512730205587,"mind","Kmeans partition"
46,0.955882809338653,0.420067304472804,0.646699373033919,20,0.116704715826397,-0.0396512730205587,"mind","Kmeans partition"
41,0.930104298271424,0.580755839371637,0.758059960995919,20,-0.017120850724168,-0.0396512730205587,"mind","Kmeans partition"
13,1.00602476340337,0.601905297222248,0.811235250763393,20,-0.0580135118988946,-0.0396512730205587,"mind","Kmeans partition"
9,0.939193937689499,0.590577632745103,0.753517490202218,20,-0.00254042078816463,-0.0396512730205587,"mind","Kmeans partition"
5,1.03670903746356,0.517902051734408,0.751757393103935,20,-0.0386975227273776,-0.0396512730205587,"mind","Kmeans partition"
37,0.924737168168442,0.562357590224532,0.774322879918431,20,-0.0301358788160919,-0.0396512730205587,"mind","Kmeans partition"
28,0.963415539158194,0.541815047253023,0.778125599052187,20,-0.0330390720111288,-0.0396512730205587,"mind","Kmeans partition"
47,1.03663368956394,0.625005566375885,0.838880991189655,20,-0.0823854457484147,-0.0396512730205587,"mind","Kmeans partition"
6,0.925538300318557,0.568833692337565,0.750986966232067,20,-0.00405380707920873,-0.0396512730205587,"mind","Kmeans partition"
45,0.91668520493343,0.61278234821623,0.770313749281295,20,-0.0269237693222272,-0.0396512730205587,"mind","Kmeans partition"
44,0.968788664345423,0.58337295910422,0.741676725929835,20,-0.0203330195201354,-0.0396512730205587,"mind","Kmeans partition"
30,0.931654710056118,0.583781051027443,0.770257124226271,20,-0.0268056632625321,-0.0396512730205587,"mind","Kmeans partition"
32,1.07675155664044,0.632708961066904,0.843346142628931,20,-0.0786844693556263,-0.0396512730205587,"mind","Kmeans partition"
39,0.979108271121194,0.605155103977776,0.799880677123854,20,-0.0574177304223714,-0.0396512730205587,"mind","Kmeans partition"
35,1.05368709930307,0.588645210503544,0.82037805258079,20,-0.0670626703820249,-0.0396512730205587,"mind","Kmeans partition"
23,0.976529205320328,0.550440140710565,0.791061115920367,20,-0.0806338104149388,-0.0396512730205587,"mind","Kmeans partition"
21,0.927662790772349,0.39893674543102,0.749511983610035,20,-0.0748818381558588,-0.0396512730205587,"mind","Kmeans partition"
3,0.986308281221008,0.46941120089444,0.781655994429546,20,-0.0510189019095946,-0.0396512730205587,"mind","Kmeans partition"
1,0.886990709244619,0.566834670312881,0.738427206366904,20,-0.0141818659882442,-0.0396512730205587,"mind","Kmeans partition"
20,1.13546556885313,0.629759039237355,0.862865945136142,18,-0.104153973373266,-0.0396512730205587,"mind","Kmeans partition"
43,0.906247273848608,0.550241724621415,0.742790949311638,20,-0.0318593338779253,-0.0396512730205587,"mind","Kmeans partition"
24,1.03435431326043,0.48666751671556,0.800836216265053,20,-0.0414049623771819,-0.0396512730205587,"mind","Kmeans partition"
42,0.928114016308734,0.495500239939596,0.775769592323625,20,-0.027873176360553,-0.0396512730205587,"mind","Kmeans partition"
10,0.980195205302071,0.596351653269694,0.768897445525546,20,-0.0441053309378905,-0.0396512730205587,"mind","Kmeans partition"
36,1.1117845605356,0.662949803563305,0.851100894301436,19,-0.0791679047403275,-0.0396512730205587,"mind","Kmeans partition"
14,1.03343957577105,0.60737615927783,0.783431694914077,20,-0.0404504850691339,-0.0396512730205587,"mind","Kmeans partition"
40,1.06027353348171,0.620138852888017,0.814017035431621,20,-0.0528364291319648,-0.0396512730205587,"mind","Kmeans partition"
51,0.951937168571171,0.566536599138865,0.757477879243792,20,-0.00476781107383129,-0.0396512730205587,"mind","Kmeans partition"
50,1.00928873900729,0.611872070733019,0.774913119033806,20,-0.0126051607640686,-0.0396512730205587,"mind","Kmeans partition"
8,0.974712550860172,0.630977634079998,0.830819970551293,18,-0.0674495044509347,-0.0396512730205587,"mind","Kmeans partition"
25,1.00828356117235,0.61172435370283,0.794807344302238,20,-0.0357033890772882,-0.0396512730205587,"mind","Kmeans partition"
4,1.00764223427292,0.593356107136882,0.819480094270861,20,-0.0606809353420176,-0.0396512730205587,"mind","Kmeans partition"
29,1.05844478014145,0.603657908534548,0.833332276232662,20,-0.0812038892582189,-0.0396512730205587,"mind","Kmeans partition"
33,1.00278536961215,0.504996812079669,0.773119709162781,20,-0.0580172438207806,-0.0396512730205587,"mind","Kmeans partition"
34,0.90059693792009,0.527914022469866,0.721511834020244,20,0.0115392319997485,-0.0396512730205587,"mind","Kmeans partition"
49,1.04138891522095,0.665634808796755,0.850824424373647,11,-0.0708029946598355,-0.0396512730205587,"mind","Kmeans partition"
25,0.924647164142517,0.606952749141652,0.783907874973018,20,-0.0555303840073793,-0.0280154428967839,"elki","Kmeans partition"
6,0.979108271121194,0.541200076223647,0.777840502980612,20,-0.064028379274688,-0.0280154428967839,"elki","Kmeans partition"
50,0.998215902697719,0.623772597450568,0.786578343573587,20,-0.0385860626245917,-0.0280154428967839,"elki","Kmeans partition"
12,0.987705031062043,0.573343061141505,0.784018489823638,20,-0.0375497190035302,-0.0280154428967839,"elki","Kmeans partition"
18,1.00273120316486,0.517176458960227,0.777923081610267,20,-0.052623433058013,-0.0280154428967839,"elki","Kmeans partition"
3,0.982226054092694,0.633206854085938,0.791838995582702,20,-0.0375067673373653,-0.0280154428967839,"elki","Kmeans partition"
36,0.975553154028378,0.568233057284653,0.759021003222575,20,-0.0106225181166692,-0.0280154428967839,"elki","Kmeans partition"
48,0.942423125675217,0.56819657616767,0.777132659184179,20,-0.0360231071007189,-0.0280154428967839,"elki","Kmeans partition"
8,0.94421902844114,0.561883844557208,0.752508473719548,20,-0.00842271119468849,-0.0280154428967839,"elki","Kmeans partition"
24,0.911102573554433,0.544096778462034,0.74381203147649,12,0.00381581820658795,-0.0280154428967839,"elki","Kmeans partition"
46,0.982869265367921,0.598001647180615,0.784455276751873,20,-0.0419126419174247,-0.0280154428967839,"elki","Kmeans partition"
39,0.939295244132573,0.554255631305309,0.768391002895908,20,-0.0202685246796031,-0.0280154428967839,"elki","Kmeans partition"
45,0.894764131050764,0.582805546815653,0.749734218223654,20,-0.0193604623053159,-0.0280154428967839,"elki","Kmeans partition"
38,0.969364771928578,0.517030691355702,0.743792770235625,20,-0.0130970127415216,-0.0280154428967839,"elki","Kmeans partition"
41,0.972790500994248,0.537189517088907,0.787662418131942,20,-0.0565297476566296,-0.0280154428967839,"elki","Kmeans partition"
22,0.996612686019782,0.415317277259264,0.695478637426525,20,0.0381538594959246,-0.0280154428967839,"elki","Kmeans partition"
21,1.04306517946107,0.518373731747586,0.811879108178429,20,-0.0554622841103843,-0.0280154428967839,"elki","Kmeans partition"
35,0.863466927579939,0.50156137689621,0.715922051346907,20,0.0249157643057011,-0.0280154428967839,"elki","Kmeans partition"
31,0.971703967484099,0.593356107136882,0.785188862627143,20,-0.0311953822619855,-0.0280154428967839,"elki","Kmeans partition"
44,0.90934801743072,0.493319899715783,0.756393842053421,20,-0.0144971555875115,-0.0280154428967839,"elki","Kmeans partition"
13,1.00414579932988,0.535156678814502,0.75243151727278,20,-0.00266975787585594,-0.0280154428967839,"elki","Kmeans partition"
5,0.943373343789474,0.544176023429721,0.752623290802666,20,-0.0124905080527069,-0.0280154428967839,"elki","Kmeans partition"
30,0.934496180954371,0.507622935686084,0.76824750991478,20,-0.0394598848883096,-0.0280154428967839,"elki","Kmeans partition"
32,0.926660299816408,0.543209661699912,0.754804380644069,20,-0.0021658365107286,-0.0280154428967839,"elki","Kmeans partition"
51,0.957904469185757,0.522971665748982,0.759111676820935,20,-0.0343908070207039,-0.0280154428967839,"elki","Kmeans partition"
16,0.916984773264167,0.561424493836538,0.763444420769799,20,-0.0116924284209449,-0.0280154428967839,"elki","Kmeans partition"
7,0.939086558265916,0.57562097284717,0.766619542915422,20,-0.0248574780412495,-0.0280154428967839,"elki","Kmeans partition"
4,0.940421449490041,0.639115326464403,0.770110122794132,18,-0.0288204248577695,-0.0280154428967839,"elki","Kmeans partition"
40,0.917638383254409,0.563563096125967,0.768001640511158,20,-0.0227270379706218,-0.0280154428967839,"elki","Kmeans partition"
17,0.926247718937867,0.578409988698832,0.769660532922687,20,-0.0165899568981662,-0.0280154428967839,"elki","Kmeans partition"
34,1.0531919173853,0.527843371988143,0.823454868935638,20,-0.0916948999669125,-0.0280154428967839,"elki","Kmeans partition"
19,1.00853061088849,0.578553345495853,0.79284040359126,20,-0.0539081167515348,-0.0280154428967839,"elki","Kmeans partition"
15,1.00250700997937,0.575699734937632,0.798424491290266,20,-0.0539602928288743,-0.0280154428967839,"elki","Kmeans partition"
27,0.969594026695894,0.612385581700787,0.771149782145725,20,-0.00869784024256487,-0.0280154428967839,"elki","Kmeans partition"
10,1.05039263180043,0.430938094897312,0.767205420694371,20,-0.00993708032548486,-0.0280154428967839,"elki","Kmeans partition"
47,0.96730802878865,0.549862884669036,0.776200013888252,20,-0.0283084386566974,-0.0280154428967839,"elki","Kmeans partition"
28,0.997122870452866,0.578480131269056,0.819875930887876,20,-0.0667702428948649,-0.0280154428967839,"elki","Kmeans partition"
43,0.919795648292597,0.552734143749725,0.717517585716878,20,0.0243816530759288,-0.0280154428967839,"elki","Kmeans partition"
37,1.02837773623831,0.488409450691821,0.794886801686948,20,-0.0549990970195865,-0.0280154428967839,"elki","Kmeans partition"
23,0.963121723416277,0.477997271527047,0.773628222763142,20,-0.0279631743299554,-0.0280154428967839,"elki","Kmeans partition"
9,0.920785372804232,0.567807580550969,0.757182726043413,20,-0.0129957841596812,-0.0280154428967839,"elki","Kmeans partition"
49,0.991214061770078,0.537440345315514,0.767807256137698,20,-0.0185697303353355,-0.0280154428967839,"elki","Kmeans partition"
14,0.9857190406455,0.595000631959117,0.772716430780431,20,-0.0278333999400838,-0.0280154428967839,"elki","Kmeans partition"
33,0.909863961324686,0.602213896317063,0.77319136947925,18,-0.0217566044314906,-0.0280154428967839,"elki","Kmeans partition"
29,1.03634037879095,0.625462712565058,0.788264335110965,20,-0.0351676330716923,-0.0280154428967839,"elki","Kmeans partition"
20,1.01573522139932,0.644195427394121,0.772538433477255,13,-0.0192898970952869,-0.0280154428967839,"elki","Kmeans partition"
2,0.971739408172629,0.562963241562862,0.784538356228444,20,-0.03722514036634,-0.0280154428967839,"elki","Kmeans partition"
42,0.979329847447562,0.50857216396208,0.808055367624183,20,-0.0458019194710587,-0.0280154428967839,"elki","Kmeans partition"
26,1.05338551668701,0.537012714684541,0.810763091599496,20,-0.0591547019388854,-0.0280154428967839,"elki","Kmeans partition"
1,0.944800367594298,0.625777340177201,0.783594139707143,20,-0.0365387354650989,-0.0280154428967839,"elki","Kmeans partition"
11,0.931333821292851,0.595639990961396,0.759034659173978,20,-0.00406970889131456,-0.0280154428967839,"elki","Kmeans partition"
20,0.934741326508199,0.415317277259264,0.742627663276997,20,-0.0165147167828986,-0.0094586179870144,"random","Nearest Neighbors"
9,0.949791272429987,0.574459770250425,0.725420989521455,20,-0.0453826395171088,-0.0094586179870144,"random","Nearest Neighbors"
19,0.84410176803956,0.517176458960227,0.684824784175394,20,0.0616708180153379,-0.0094586179870144,"random","Nearest Neighbors"
7,0.922336593998644,0.568178366049864,0.734013799298859,20,0.0173863465884625,-0.0094586179870144,"random","Nearest Neighbors"
36,0.893316087170842,0.60536978851172,0.747580163895982,19,0.00208288403156657,-0.0094586179870144,"random","Nearest Neighbors"
6,0.885547837824861,0.563322196818661,0.727895447927458,19,-0.0152751650791546,-0.0094586179870144,"random","Nearest Neighbors"
47,1.00289584134337,0.616681900338184,0.791445204267765,20,-0.0573387863768973,-0.0094586179870144,"random","Nearest Neighbors"
37,1.02422299369849,0.620610027635809,0.803563161961085,20,-0.0747265811435054,-0.0094586179870144,"random","Nearest Neighbors"
15,0.877582651095666,0.510028608426112,0.702788778987736,20,0.0161792304736057,-0.0094586179870144,"random","Nearest Neighbors"
45,1.07061817598459,0.52377990023615,0.838973665342599,20,-0.122837279301612,-0.0094586179870144,"random","Nearest Neighbors"
41,0.972899282909899,0.604957649924891,0.763737707187581,19,-0.0242103284667078,-0.0094586179870144,"random","Nearest Neighbors"
34,0.943270662561339,0.575111920720544,0.749559077626766,19,-0.0118413197479753,-0.0094586179870144,"random","Nearest Neighbors"
18,0.892090595016314,0.566735617312345,0.712825463975153,19,0.00425685084425853,-0.0094586179870144,"random","Nearest Neighbors"
48,0.970902335126477,0.618252226525405,0.797506757745716,20,-0.0368819751787607,-0.0094586179870144,"random","Nearest Neighbors"
28,0.916437168743672,0.485758017911399,0.736090641547254,20,-0.00338849989079641,-0.0094586179870144,"random","Nearest Neighbors"
44,0.969581534080465,0.61621199858621,0.797639954515296,19,-0.0479662028364033,-0.0094586179870144,"random","Nearest Neighbors"
50,1.03010228071064,0.550208308796896,0.810093620111038,20,-0.116068879970405,-0.0094586179870144,"random","Nearest Neighbors"
3,0.835418538119131,0.551234403705369,0.691710491307709,19,0.0472598472307356,-0.0094586179870144,"random","Nearest Neighbors"
42,0.898435730028364,0.626595829171405,0.7574514616688,20,-0.0135563950090444,-0.0094586179870144,"random","Nearest Neighbors"
16,0.890301938781185,0.541815047253023,0.723125914961894,19,0.0114334980980443,-0.0094586179870144,"random","Nearest Neighbors"
27,0.903484058693831,0.553752105299371,0.726415532885498,20,0.0165517086115724,-0.0094586179870144,"random","Nearest Neighbors"
38,0.918975373938104,0.58383070175543,0.747089153115463,20,-0.0275806873160834,-0.0094586179870144,"random","Nearest Neighbors"
4,0.873298233443497,0.549687785170541,0.705578330412089,20,0.0334123541901424,-0.0094586179870144,"random","Nearest Neighbors"
31,0.913011550549543,0.587447502458237,0.739974160484913,19,0.0083177537000612,-0.0094586179870144,"random","Nearest Neighbors"
30,0.91493480108568,0.55046699928496,0.743763112834989,20,-0.0186732170324574,-0.0094586179870144,"random","Nearest Neighbors"
33,0.965320486697955,0.598395179704684,0.789999372712514,20,-0.0755666757659266,-0.0094586179870144,"random","Nearest Neighbors"
11,0.862567282878945,0.591139790572575,0.712730619099099,19,0.00872109333055473,-0.0094586179870144,"random","Nearest Neighbors"
21,0.939615021580422,0.60198093556447,0.754289179840145,19,-0.0210586822001613,-0.0094586179870144,"random","Nearest Neighbors"
10,0.729605670979626,0.420067304472804,0.573315586772923,20,0.226199666152464,-0.0094586179870144,"random","Nearest Neighbors"
29,0.90602220874107,0.549450632332946,0.71970982086763,19,0.0270047800866732,-0.0094586179870144,"random","Nearest Neighbors"
25,0.890782229734191,0.584804753553605,0.729407526945451,20,0.0149361840738651,-0.0094586179870144,"random","Nearest Neighbors"
43,0.927646028610712,0.59067720980221,0.750329910806407,20,-0.00370293608411899,-0.0094586179870144,"random","Nearest Neighbors"
24,0.918978940917188,0.550351979789257,0.747562970575366,20,-0.010313738100227,-0.0094586179870144,"random","Nearest Neighbors"
23,0.878717988857465,0.593421195426282,0.735875318419403,19,-0.00336611334074922,-0.0094586179870144,"random","Nearest Neighbors"
17,0.880719282400004,0.55149307622045,0.74159828645493,20,-0.0165617912294271,-0.0094586179870144,"random","Nearest Neighbors"
35,0.892676723057151,0.547902473348585,0.728281654422698,20,0.0169089072761586,-0.0094586179870144,"random","Nearest Neighbors"
32,0.919989164209505,0.541200076223647,0.767281928371046,20,-0.0353199097246413,-0.0094586179870144,"random","Nearest Neighbors"
46,1.01322487495276,0.440265297746055,0.794170529448036,19,-0.0673348080326971,-0.0094586179870144,"random","Nearest Neighbors"
13,0.878056178422127,0.517030691355702,0.713770258224403,19,0.0182205582380794,-0.0094586179870144,"random","Nearest Neighbors"
40,0.935723117863338,0.600216825991671,0.760815984092177,20,-0.0158935448978088,-0.0094586179870144,"random","Nearest Neighbors"
14,0.964039695016399,0.477997271527047,0.742245500576527,20,-0.0154096504550804,-0.0094586179870144,"random","Nearest Neighbors"
26,0.913259139126492,0.527914022469866,0.741576148718819,19,-0.00906268718602484,-0.0094586179870144,"random","Nearest Neighbors"
5,0.882989396841747,0.457423041713612,0.695025846079248,20,0.0276606816637912,-0.0094586179870144,"random","Nearest Neighbors"
49,1.01280438840155,0.617854591577544,0.822810635126351,19,-0.0896873445768541,-0.0094586179870144,"random","Nearest Neighbors"
12,0.878687088723994,0.54068649863334,0.722105765736477,20,0.0112205759778768,-0.0094586179870144,"random","Nearest Neighbors"
1,0.867016749867993,0.517705424154002,0.706560892760405,20,-0.0016951094398234,-0.0094586179870144,"random","Nearest Neighbors"
39,0.922177972743106,0.604740878632163,0.76061268333796,19,-0.0139451088363107,-0.0094586179870144,"random","Nearest Neighbors"
2,0.733720859924159,0.420630218769536,0.603859319114017,20,0.115598051073828,-0.0094586179870144,"random","Nearest Neighbors"
22,0.92931650167705,0.389477685432113,0.725353119197427,20,0.00511181203448837,-0.0094586179870144,"random","Nearest Neighbors"
51,1.1660184665863,0.577046750883834,0.907016962068975,20,-0.145657116756709,-0.0094586179870144,"random","Nearest Neighbors"
8,0.886729501043275,0.481964959141499,0.684439382518051,19,-0.0163600698972837,-0.0094586179870144,"random","Nearest Neighbors"
38,0.962960058003734,0.466568857737552,0.745684557955576,20,-0.00361042410307279,-0.00492385901285931,"maxd","Nearest Neighbors"
47,0.889223097300883,0.537440345315514,0.746913930982096,20,0.00324358443017899,-0.00492385901285931,"maxd","Nearest Neighbors"
25,0.91550572165467,0.510028608426112,0.747581269602182,20,-0.016141578395947,-0.00492385901285931,"maxd","Nearest Neighbors"
11,0.867884395158342,0.542983683230658,0.707670115371835,19,0.0405881887791016,-0.00492385901285931,"maxd","Nearest Neighbors"
29,1.01520422069786,0.492399598261506,0.781449010091676,19,-0.0512548542117797,-0.00492385901285931,"maxd","Nearest Neighbors"
33,0.947959238765082,0.621790990992462,0.754944045579133,20,-0.0282484723129006,-0.00492385901285931,"maxd","Nearest Neighbors"
9,0.879948516142728,0.572386027543249,0.723315418116634,20,0.0133549164865109,-0.00492385901285931,"maxd","Nearest Neighbors"
5,0.909454457188608,0.493319899715783,0.733630472092101,20,0.00763371534366689,-0.00492385901285931,"maxd","Nearest Neighbors"
10,0.908645411162921,0.578438024062342,0.721633868733051,20,0.000406722800113039,-0.00492385901285931,"maxd","Nearest Neighbors"
36,0.809382465960897,0.517176458960227,0.660680034448792,19,0.112330054363632,-0.00492385901285931,"maxd","Nearest Neighbors"
16,0.926843421050349,0.570919640326635,0.745984329403673,19,-0.0202096221816222,-0.00492385901285931,"maxd","Nearest Neighbors"
28,0.876832778916814,0.389477685432113,0.682285501713682,20,0.00869797018327342,-0.00492385901285931,"maxd","Nearest Neighbors"
39,0.873638469514321,0.617523023933309,0.745456518566221,19,-0.0214995338838369,-0.00492385901285931,"maxd","Nearest Neighbors"
45,0.946506118949866,0.629092591455324,0.771616636478803,20,-0.03088233292301,-0.00492385901285931,"maxd","Nearest Neighbors"
13,0.916444024262134,0.565133346951924,0.731256378998987,19,-0.00458548417823281,-0.00492385901285931,"maxd","Nearest Neighbors"
22,0.953292387634447,0.615275148805563,0.783097092012029,20,-0.0388752358384724,-0.00492385901285931,"maxd","Nearest Neighbors"
46,0.921526889185544,0.397078226294686,0.74472690652212,19,0.0155464449625251,-0.00492385901285931,"maxd","Nearest Neighbors"
7,0.77911601398018,0.420067304472804,0.59770413986499,20,0.125428410397474,-0.00492385901285931,"maxd","Nearest Neighbors"
8,0.892180161953769,0.492013034359878,0.731359142912655,19,-0.0570405598203453,-0.00492385901285931,"maxd","Nearest Neighbors"
24,0.959007199983572,0.590341040763481,0.787611088369645,20,-0.0527193020692838,-0.00492385901285931,"maxd","Nearest Neighbors"
35,0.914267856103681,0.526564742729234,0.75344561843242,20,0.00907965448069808,-0.00492385901285931,"maxd","Nearest Neighbors"
31,0.904858428929177,0.569652713429047,0.731233618849712,19,-0.00306772562245685,-0.00492385901285931,"maxd","Nearest Neighbors"
40,0.919738165481336,0.525944272697233,0.725979870197531,20,0.02158750103822,-0.00492385901285931,"maxd","Nearest Neighbors"
41,0.937665404057111,0.591425348765045,0.754445714991681,19,-0.0121900866744627,-0.00492385901285931,"maxd","Nearest Neighbors"
21,0.899204366390267,0.600196878618832,0.74514523425173,19,0.00430130900660405,-0.00492385901285931,"maxd","Nearest Neighbors"
32,0.990852709655396,0.549687785170541,0.772164441056326,20,-0.0418493462754546,-0.00492385901285931,"maxd","Nearest Neighbors"
44,0.895579670350885,0.596881531158553,0.743388992846643,19,-0.0307971175682326,-0.00492385901285931,"maxd","Nearest Neighbors"
49,0.938143474809448,0.557634915063705,0.7548661444018,19,-0.0215004028805785,-0.00492385901285931,"maxd","Nearest Neighbors"
26,0.972143861862926,0.601133590255184,0.780473379037254,19,-0.0370947181848867,-0.00492385901285931,"maxd","Nearest Neighbors"
50,0.921047325469257,0.604518444237388,0.76981533018345,20,-0.0239672748831702,-0.00492385901285931,"maxd","Nearest Neighbors"
2,0.903806609921639,0.46961574835164,0.734733474255976,20,-0.0128666044576877,-0.00492385901285931,"maxd","Nearest Neighbors"
14,0.873223313260313,0.545872091768826,0.705390827622375,20,0.0341467871551991,-0.00492385901285931,"maxd","Nearest Neighbors"
15,0.888141486544899,0.503583468884139,0.739013475598369,20,-0.00177705837758857,-0.00492385901285931,"maxd","Nearest Neighbors"
27,0.979963331106725,0.586505120313075,0.781091281630102,20,-0.0507630900173734,-0.00492385901285931,"maxd","Nearest Neighbors"
20,0.899426794624689,0.587374840429156,0.755400870865904,20,-0.022741262247431,-0.00492385901285931,"maxd","Nearest Neighbors"
12,0.867823817915857,0.563450166801771,0.727277329664066,20,0.00803598390729444,-0.00492385901285931,"maxd","Nearest Neighbors"
17,0.960989156050181,0.560159856092858,0.74565291302462,20,-0.0141788608717278,-0.00492385901285931,"maxd","Nearest Neighbors"
34,0.984432725762461,0.58253773604744,0.754387727845628,19,-0.0201512590657455,-0.00492385901285931,"maxd","Nearest Neighbors"
42,0.876686776878183,0.535653579843566,0.732068803840337,20,0.00770352308491985,-0.00492385901285931,"maxd","Nearest Neighbors"
3,0.892653716557878,0.511466588707748,0.704306401127339,19,-0.0447267480487737,-0.00492385901285931,"maxd","Nearest Neighbors"
37,0.913887479493328,0.524428803825048,0.749697666372023,20,0.00183196064794046,-0.00492385901285931,"maxd","Nearest Neighbors"
43,0.925385049176132,0.561541269200154,0.760583366814301,20,-0.00261472960351289,-0.00492385901285931,"maxd","Nearest Neighbors"
4,0.812809410332855,0.517030691355702,0.673376310428406,20,0.0584696539961381,-0.00492385901285931,"maxd","Nearest Neighbors"
23,0.928949552603545,0.547095453978829,0.776393131011406,19,-0.0268946987794031,-0.00492385901285931,"maxd","Nearest Neighbors"
6,0.888386273021717,0.544096778462034,0.718076366369438,19,-0.0188043138893482,-0.00492385901285931,"maxd","Nearest Neighbors"
1,0.791471622248353,0.453375055941408,0.613608175728109,20,0.109798004677518,-0.00492385901285931,"maxd","Nearest Neighbors"
19,0.95773142774809,0.549450632332946,0.765450308401366,20,-0.0399048877885305,-0.00492385901285931,"maxd","Nearest Neighbors"
30,0.992523543010958,0.582536782654978,0.812746231321073,20,-0.0798679260575002,-0.00492385901285931,"maxd","Nearest Neighbors"
51,0.976409379602936,0.585198145981133,0.768341574733358,20,-0.01434419370186,-0.00492385901285931,"maxd","Nearest Neighbors"
18,0.885981553392606,0.576554165176911,0.727197399760646,19,-0.0102700075392001,-0.00492385901285931,"maxd","Nearest Neighbors"
48,0.869268408196505,0.534482754931968,0.729820155298102,20,0.0164501263479608,-0.00492385901285931,"maxd","Nearest Neighbors"
7,0.902419841389332,0.397078226294686,0.7234486798153,20,0.00384596961208542,-0.0152781944109059,"mind","Nearest Neighbors"
2,0.949791272429987,0.5596093370897,0.708305840737327,20,-0.0192323849387012,-0.0152781944109059,"mind","Nearest Neighbors"
18,0.906711241742386,0.510028608426112,0.724204817424496,19,0.00742251638880097,-0.0152781944109059,"mind","Nearest Neighbors"
19,0.915675015669007,0.609733624565099,0.749054708095584,20,-0.00640307855500307,-0.0152781944109059,"mind","Nearest Neighbors"
45,0.952868202935299,0.642511167121928,0.818067222879726,20,-0.0676350221048543,-0.0152781944109059,"mind","Nearest Neighbors"
1,0.89404098198009,0.491092813409126,0.711813685194708,20,-0.0307367176665161,-0.0152781944109059,"mind","Nearest Neighbors"
12,0.895329363809544,0.541454055823332,0.713867721136716,20,0.0229421582523297,-0.0152781944109059,"mind","Nearest Neighbors"
21,0.947143332714536,0.610952448786225,0.74349360827765,19,0.00481273725837672,-0.0152781944109059,"mind","Nearest Neighbors"
31,0.941884450712367,0.594013182770834,0.783646311706773,19,-0.0466015888342901,-0.0152781944109059,"mind","Nearest Neighbors"
23,0.950667198543727,0.582976039259767,0.761545646629936,19,-0.0369076426288364,-0.0152781944109059,"mind","Nearest Neighbors"
51,1.24292581015358,0.624998079046482,0.91624185756183,20,-0.171683130659051,-0.0152781944109059,"mind","Nearest Neighbors"
4,0.938082474728586,0.57307915447689,0.735977785068192,20,-0.00569461082091899,-0.0152781944109059,"mind","Nearest Neighbors"
34,0.95148693201297,0.535653579843566,0.753348095097578,19,-0.022435974287294,-0.0152781944109059,"mind","Nearest Neighbors"
3,0.850521504519003,0.560193160134994,0.710297323938122,19,0.0267851106059097,-0.0152781944109059,"mind","Nearest Neighbors"
39,0.882145574482154,0.565273459037,0.735117073188953,19,0.0271907370217893,-0.0152781944109059,"mind","Nearest Neighbors"
28,0.909640991801478,0.580066071818522,0.758130632946461,20,-0.0354734578000608,-0.0152781944109059,"mind","Nearest Neighbors"
36,0.951316507406826,0.597750665921069,0.788065248376864,19,-0.0508910258027443,-0.0152781944109059,"mind","Nearest Neighbors"
17,0.911125303816009,0.594794022260324,0.737143817913757,20,-0.00933048692538178,-0.0152781944109059,"mind","Nearest Neighbors"
25,0.936464370040068,0.535011372955309,0.761028781385118,20,-0.0298841347928147,-0.0152781944109059,"mind","Nearest Neighbors"
43,1.00273140269103,0.389477685432113,0.748760942581578,20,-0.0495900900642232,-0.0152781944109059,"mind","Nearest Neighbors"
10,0.86777165568487,0.54830726079186,0.733044309953891,20,-0.0048858332437704,-0.0152781944109059,"mind","Nearest Neighbors"
30,0.893987523444966,0.572860126507542,0.733212177830229,20,0.00925474751160915,-0.0152781944109059,"mind","Nearest Neighbors"
33,0.98066242588815,0.547095453978829,0.80369210103799,20,-0.0728477564237123,-0.0152781944109059,"mind","Nearest Neighbors"
20,0.912097909296872,0.568718635376711,0.743278340356358,20,-0.0130776949996712,-0.0152781944109059,"mind","Nearest Neighbors"
5,0.866118995136192,0.457423041713612,0.694446937939459,20,0.0573383563990119,-0.0152781944109059,"mind","Nearest Neighbors"
11,0.946706620974383,0.587447502458237,0.746189400306821,19,-0.00166984559535356,-0.0152781944109059,"mind","Nearest Neighbors"
24,0.916914747418899,0.574707125653907,0.742185686355551,20,0.000706486162974706,-0.0152781944109059,"mind","Nearest Neighbors"
32,0.915980510109834,0.539670221523136,0.744907462057468,20,-0.00959997579434566,-0.0152781944109059,"mind","Nearest Neighbors"
41,0.909504685516772,0.597532326205681,0.771156285141214,19,-0.0376952638353849,-0.0152781944109059,"mind","Nearest Neighbors"
29,0.741524884774665,0.420067304472804,0.569099050129833,19,0.226628761941542,-0.0152781944109059,"mind","Nearest Neighbors"
6,0.906601251217508,0.50156137689621,0.753265081519486,19,-0.0378363074555317,-0.0152781944109059,"mind","Nearest Neighbors"
13,0.904540400134242,0.575431041008064,0.726155643778233,19,0.0141465206340123,-0.0152781944109059,"mind","Nearest Neighbors"
15,0.9033091665018,0.566413816445102,0.738390207702877,20,0.00620462358192789,-0.0152781944109059,"mind","Nearest Neighbors"
38,0.938772020950025,0.550074398617277,0.779199298696551,20,-0.0403786342843598,-0.0152781944109059,"mind","Nearest Neighbors"
42,0.973096427118843,0.556977213957152,0.764644111874893,20,-0.0252555112650746,-0.0152781944109059,"mind","Nearest Neighbors"
22,0.892586198381699,0.549687785170541,0.729968013923455,20,0.00957088808925092,-0.0152781944109059,"mind","Nearest Neighbors"
47,1.00725623374206,0.58283250047573,0.824556134371376,20,-0.0874151280502616,-0.0152781944109059,"mind","Nearest Neighbors"
37,0.926286464006616,0.554411468585426,0.748356617528985,20,0.00416195526826647,-0.0152781944109059,"mind","Nearest Neighbors"
48,1.06722245299088,0.579802756659215,0.821176484066013,20,-0.117386214244823,-0.0152781944109059,"mind","Nearest Neighbors"
8,0.906743033880489,0.508666505324552,0.707376341865061,19,0.0387378804313826,-0.0152781944109059,"mind","Nearest Neighbors"
27,0.90464858716955,0.52377990023615,0.73262736582823,20,0.0354945289641253,-0.0152781944109059,"mind","Nearest Neighbors"
44,1.00882670721071,0.583100636131597,0.793554688001021,19,-0.0561418941760161,-0.0152781944109059,"mind","Nearest Neighbors"
26,0.931891521492839,0.537440345315514,0.74681290243835,19,-0.0164127200979468,-0.0152781944109059,"mind","Nearest Neighbors"
40,1.01526247895133,0.580755839371637,0.77160694093532,20,-0.0292910231030264,-0.0152781944109059,"mind","Nearest Neighbors"
50,1.04575179308462,0.625151652948458,0.852920999244227,20,-0.111046299253899,-0.0152781944109059,"mind","Nearest Neighbors"
16,0.93388458031775,0.599330317557851,0.751170575416938,19,-0.0325021165204122,-0.0152781944109059,"mind","Nearest Neighbors"
14,0.885555800778224,0.54349621481563,0.737730756005584,20,-0.000506189518970144,-0.0152781944109059,"mind","Nearest Neighbors"
49,1.06496683827646,0.48666751671556,0.781287850088785,19,-0.0965615525347823,-0.0152781944109059,"mind","Nearest Neighbors"
35,0.830142193989502,0.420630218769536,0.642003917614075,20,0.119026728014327,-0.0152781944109059,"mind","Nearest Neighbors"
9,0.840112448628238,0.46941120089444,0.698937185452575,20,0.0345743942929777,-0.0152781944109059,"mind","Nearest Neighbors"
46,1.03256466838069,0.610499945855086,0.803857633340759,19,-0.0473747450451021,-0.0152781944109059,"mind","Nearest Neighbors"
